first_name,last_name,email,product_id,qty,amount,invoice_date,address,city,stock_code,job
Carmen Nixon,Todd Anderson,marvinjackson@example.com,133,9,14.57,10/09/1982,283 Wendy Common,West Alexander,36239634,Logistics and distribution manager
Mrs. Heather Miller,Julia Moore,jeffrey84@example.net,155,5,65.48,03/10/2012,13567 Patricia Circles Apt. 751,Andreamouth,2820163,Osteopath
Crystal May,Philip Moody,ugoodman@example.com,151,9,24.66,23/03/1976,6389 Debbie Island Suite 470,Coxbury,27006726,Economist
Bobby Weber,Mark Scott,ssanchez@example.com,143,4,21.34,17/08/1986,6362 Ashley Plaza Apt. 994,Ninaland,83036521,Sports administrator
Kristen Welch,David David,cynthia66@example.net,168,2,83.9,11/06/1996,463 Steven Cliffs Suite 757,Isaiahview,80142652,Chief Marketing Officer
Jamie Garcia,Jonathan Tate,luis57@example.net,192,6,55.67,01/09/2016,54443 Kyle Haven Apt. 230,Millsside,53234087,"Therapist, sports"
Amanda Hicks,Stephanie Huff,hendersontracey@example.org,153,4,77.57,17/04/1993,5600 Hannah Vista,Port Susan,30928602,Special educational needs teacher
James Parker,Dustin Hanson Jr.,ffowler@example.net,107,3,86.5,27/09/1986,9076 Garrett Well,New Heatherfort,45734816,Textile designer
Susan Smith,Michael Campbell,thomaspatricia@example.net,149,1,53.73,01/11/1997,1684 John Circles,South Kim,13834685,Psychiatrist
Kylie Campos,Samantha Mendez,danny61@example.com,108,5,91.71,23/03/1994,15898 Jeanne Inlet Suite 973,West Patricia,92548268,Radio broadcast assistant
Zachary Medina,Brendan Chambers,zreed@example.com,104,5,13,12/12/1992,79633 Golden Mountains Suite 172,Williamsborough,63931341,"Surveyor, land/geomatics"
Jill Villanueva,Jonathan Caldwell,christopherorozco@example.org,173,1,10.71,07/01/2020,59120 Hayes Expressway,New Christianfurt,6666309,"Therapist, speech and language"
Anthony Jennings,Luis Braun,christopher64@example.net,132,7,26.25,14/06/2019,931 Ronald Cape Suite 627,Franklinburgh,99504946,Graphic designer
Steven Hubbard,Justin Rosales,robertgardner@example.com,140,5,33.19,15/03/2010,399 Robert Orchard Suite 518,Hatfieldfurt,21249600,Chiropractor
Adam Fischer,Thomas Hudson,juarezstephanie@example.net,183,7,26.32,26/06/2002,071 Wells Valley,New Cherylchester,47746923,Print production planner
Joseph Grant,Joshua Walters,craig44@example.org,108,7,6.59,20/08/2009,89873 Wheeler Dale Suite 550,Lake Joshuamouth,20484989,Commercial/residential surveyor
Mitchell Raymond,Dalton Peck,zlarsen@example.com,196,8,46.3,31/03/1997,7519 Robbins Forest,Wigginsport,35270416,"Pharmacist, hospital"
Clayton Duncan,Joseph Wood,tgraves@example.net,133,8,26.84,15/08/1982,73351 Benson Views Suite 424,Port Russell,1290400,"Research officer, trade union"
Eric Miller,Victoria Salas,jrivas@example.com,150,1,48.57,30/09/1996,6924 Jeff Spurs Suite 172,East Juan,6481407,"Social research officer, government"
Barbara Johnston,Lindsey Davidson,daniellebecker@example.net,127,1,46.38,21/06/2010,1397 Barrera Garden Apt. 755,Noahstad,82560621,"Buyer, retail"
Stacie Rosales,Dennis Richardson,theresa74@example.net,118,3,70.1,27/01/1983,622 Alvarado Corners Suite 762,Bridgethaven,92318137,Paramedic
Daniel Robinson,Anthony Morrow,brichardson@example.org,103,4,10.92,05/03/2000,73246 Chase Streets,West Kathryn,95596877,Environmental manager
Peter Bentley,Benjamin Chang,jamie82@example.com,137,7,77.79,28/02/2000,6656 Alexis Lock Suite 344,New Anna,54751453,Make
Jennifer Leblanc,Cathy Salazar,meganhubbard@example.com,185,1,45.92,15/06/2018,30262 Patterson Mall,Burgessstad,29738748,"Producer, radio"
Heather Solomon,Michael Russell,crystalgrant@example.com,152,7,18.74,25/05/1981,49673 Salinas Square,New Charleshaven,58560372,Arboriculturist
Troy Brown,Angela Hoffman,lnunez@example.com,164,6,74.53,23/06/1984,52410 Andrade Fields,Jenniferstad,94859461,Amenity horticulturist
Malik Rodriguez,Kelly Leach,vcook@example.com,177,8,96.91,07/05/2002,666 Lowe Square,Gabrielaberg,71802916,"Nurse, adult"
Jennifer Sanchez,Samuel Lee,ashley86@example.org,171,9,54.26,30/11/2012,7905 Duncan Ranch Apt. 950,Edwardsport,66481652,Ranger/warden
Melinda Mullins,Thomas Thomas,pking@example.org,102,6,81.38,22/01/2021,13958 Daniel Cliffs Suite 354,Lake Nicholas,4409151,"Engineer, mining"
Patrick Greene,Grant Tyler,peter18@example.com,184,8,64.5,31/01/1978,006 Erin Islands,Scottburgh,84752888,Forensic psychologist
Wendy Love,Michael Sanchez,obates@example.com,123,2,7.09,20/10/1999,25783 Brian Plaza,Gomezburgh,7396045,Chartered loss adjuster
Timothy Baker,Patrick Bailey,lcrawford@example.net,140,4,77.3,11/03/1994,90435 Jason Mills,Hoodchester,77562388,Government social research officer
Karen Floyd,Timothy Curtis DDS,shelby52@example.org,133,6,7.4,10/07/2016,2702 Lisa Plaza Apt. 887,Lake Michaelchester,772105,"Editor, commissioning"
Jessica Sanders,Carol Dominguez,justinbraun@example.org,160,1,5.71,01/03/1973,419 Jason Ways,New George,27040546,IT sales professional
Robert Martin,Amy Jensen,luissanchez@example.net,157,4,12.06,10/05/2012,9252 Thomas Green Suite 670,West Robert,93277563,Chartered certified accountant
Brandon Church,Ryan Nielsen,jessica89@example.net,189,9,74.54,21/02/2001,8803 Escobar Mountain Suite 709,Weaverborough,42556787,"Psychologist, prison and probation services"
Dana Coleman,Alexandria Jensen,chandlerdaniel@example.org,102,1,81.26,23/01/1973,381 Ferrell Via Apt. 912,Michaelside,60165879,"Engineer, agricultural"
Derek Brown,Kelly Lowery,websternicholas@example.net,131,4,73.35,28/11/2004,8605 Rodney Mills,South Nathan,5488605,Secondary school teacher
Bethany Martin,Tina Jackson,mcdonaldcolleen@example.org,108,5,96.51,13/12/1997,08472 Ann Groves,Harrisport,22584977,Licensed conveyancer
Sheila Powers,Bonnie Mills,luisgomez@example.org,115,9,88.05,04/11/2012,05365 Wanda Ramp Suite 659,New Cynthia,31478175,"Scientist, biomedical"
Debbie Gross,Kristi Simon,lmcdonald@example.net,118,4,69.69,09/10/2002,23829 Duarte Loop Suite 424,Hickmanhaven,34646045,Sports development officer
Thomas Tate,Cindy Simmons,tammy29@example.org,147,9,74.19,25/06/2019,194 Barry Forks Suite 119,East Joshua,70628425,"Engineer, chemical"
Allison Mcknight,Zachary Lucero,shari20@example.net,127,1,70.57,13/11/1980,2263 Ramos Way,North Amber,55991551,Financial risk analyst
Sarah Johnson,Daniel Valdez,tracyflores@example.net,185,7,89.63,13/03/1991,063 Ruth Cape,Peckside,33353487,Ergonomist
Joseph Parker,Gary Payne,karen52@example.com,150,1,44.95,27/04/2008,21424 Gilbert Common,Brucetown,70884265,Civil Service administrator
Patrick Holloway,Traci Knight,amy16@example.org,181,7,15.31,23/09/1993,08446 Vanessa Stream Suite 312,West Tracieville,60434982,Fast food restaurant manager
Raymond Choi,John Anderson,michellekennedy@example.org,199,9,32.54,05/09/1991,5378 Watts Oval,Wallaceville,81788057,Multimedia programmer
Elizabeth Medina,Jonathan Campbell,mackenzie56@example.com,181,8,21.32,02/12/1984,1423 Castillo Haven,Charlestown,11642220,Information officer
Kevin Johnson,Colton Johnson,kimberly75@example.net,169,7,14.44,10/10/1987,18945 Johnson Glens,Stanleyborough,29244072,Regulatory affairs officer
Lori Hamilton,Danny Gaines,sheriramos@example.net,120,7,54.95,28/04/1978,55984 Sarah Rapids Suite 136,Port Hannah,76516740,Advertising account executive
Elizabeth Ware,Michael Fowler,trevor20@example.com,161,4,30.04,18/03/2016,94772 Kristen Plaza Apt. 059,Kendraview,6437251,"Conservator, museum/gallery"
Paul Aguilar,Jon Owens,emilysanchez@example.org,114,6,8.25,04/09/1988,94654 Keith Point,Adamston,48003155,Heritage manager
Chris Hendrix,Jose Hill,ejones@example.net,128,1,51.47,03/10/2009,0849 Madeline Unions,New Amandabury,55845083,Chartered management accountant
Patty Delacruz,Andrea Gibbs,jcain@example.com,195,7,53.81,24/08/2013,309 Amy Center Apt. 073,East Ann,14192920,"Development worker, international aid"
Brian Hernandez,Jonathan Contreras,donnaweaver@example.org,152,3,39.98,20/11/1979,4312 Williams Falls,Garymouth,9119031,Dramatherapist
Sarah Bradley,Patrick Fleming,hreese@example.net,110,5,6.96,28/07/1970,01254 Richard Fields,South Courtney,88343587,"Exhibitions officer, museum/gallery"
Shawn Moore Jr.,Scott Bryan,zyoung@example.org,171,4,93.37,30/12/2009,716 Whitney Union Suite 332,East Sarah,177818,Psychotherapist
Jennifer Sanchez,Tonya Hill,umarks@example.net,177,7,6.27,25/08/1971,92391 Troy Flats Apt. 765,Rodriguezmouth,6100179,Fitness centre manager
Kevin Knight,James Flores,jeffreyhobbs@example.org,193,9,82.08,02/10/1971,9926 Bruce Lake,Pratthaven,66080251,Translator
Lindsey Morris,Paul Ortiz,steven88@example.net,154,1,53.39,03/02/1975,34516 Murray Meadows Suite 416,Burgessshire,27329429,Fisheries officer
David Ryan DDS,Kathleen Thompson,lewisleah@example.org,133,8,48.71,02/02/1980,412 Fernandez Isle,West Angela,39116116,Race relations officer
Robert Collins,James Chavez,thomaslinda@example.com,103,1,44.2,16/08/2003,1069 Collins Brook,Teresaland,95264592,Automotive engineer
Victoria Khan,Susan Henderson,mendozareginald@example.net,122,1,50.24,22/12/1973,64669 Smith Locks,Richardmouth,23921931,Mining engineer
Chris Bowman,Matthew Johnson,carolynbarr@example.com,177,2,55.55,13/07/1981,6498 Wilson Prairie,Paigeside,6311834,Chartered public finance accountant
Melissa Floyd,Kristopher Smith,cynthia72@example.org,189,6,48.04,13/08/1978,219 Ashley Shoal,Heiditon,2175768,Heritage manager
Christine Alvarez,Ronald Olson,peterscathy@example.org,138,9,30.29,24/03/1976,57591 David Loaf,New Bethany,9975538,Personnel officer
William Baldwin,Michael Ho,dburns@example.org,164,8,17.93,19/04/2008,5732 Tate Locks Suite 962,Rodgershaven,36106301,Astronomer
Randy Saunders,Bradley Sanders,sextonamy@example.net,122,5,95.53,23/03/1989,7513 Hardy Plaza,Karenberg,55852555,Publishing rights manager
Cory Nicholson,Charles Warren,taylorjohn@example.net,134,6,64.9,04/08/1988,8357 Mcpherson Course Apt. 226,Hayesfurt,54104358,"Therapist, music"
Wendy Jackson,Carrie Moore,richardlopez@example.org,189,3,36.5,14/02/2014,495 Ashley Neck Suite 132,Wigginsmouth,12011087,"Designer, ceramics/pottery"
David Finley,Gabrielle Castro,nzhang@example.com,105,4,58.11,26/12/2013,358 Fitzgerald Lights,West Zoeport,81261871,"Designer, textile"
Nicole Mills,Michael Berger,veronica87@example.org,151,1,48.76,27/07/1976,4787 Foley Islands,Andrewstad,68360825,"Engineer, manufacturing"
Melanie Rogers,Nancy Dalton,kimberly19@example.net,165,5,68.3,11/09/2013,572 Ashley Row Suite 664,New Juliechester,18709490,Academic librarian
Kimberly Pratt,Mr. Richard Fox,edward10@example.net,162,7,62.36,14/04/2016,254 Donald Isle,East Rebeccaview,80411024,Financial risk analyst
Rebecca Bennett,Joyce Moore,nathansmith@example.com,153,9,93.58,07/08/2015,76387 Kelly Place,Briantown,17279109,Science writer
Maria Rivera,Benjamin Owens,brownkaren@example.org,186,9,97.64,07/12/2020,969 Morgan Fords,Ronaldmouth,59275015,Minerals surveyor
Anita Wilson,Sara Hurst,robertthompson@example.org,163,5,40.29,30/10/1975,97673 Colleen Parkways Suite 248,Hensonchester,4903680,"Surveyor, planning and development"
Richard Miller,Nathaniel Adams,arodriguez@example.com,170,5,68.84,04/08/1990,637 Erickson Loaf Suite 355,East Robertmouth,17622806,Community development worker
Angela Adams,Jessica Schmidt,zgilbert@example.org,106,4,31.68,27/09/2021,0177 Sarah Isle Suite 068,Williamshaven,40989044,Pathologist
Jasmine Bailey,David Young,misty69@example.org,192,5,61.73,28/09/1996,21258 Rebecca Rue,North Nathan,70699968,"Psychotherapist, dance movement"
Scott Soto,Melody Barnes,nhenderson@example.org,139,2,23.5,08/06/2002,730 Le Bridge Suite 933,East Jason,35282563,Actuary
Miranda Beck,Jennifer Williams,sschroeder@example.com,117,9,30.29,25/11/1986,584 Charles Land,South Rick,94015607,Museum education officer
Julia Price,Margaret Clark,rachel23@example.net,132,9,98.09,04/03/2001,339 Kennedy Vista,Ericside,38629150,Location manager
Diana Gonzales,Kevin Adams,nelsonerika@example.net,129,2,41.72,14/06/1976,1023 Willie Crest,Anthonyfurt,14317170,Restaurant manager
Jonathan Landry,Rick Gibbs,donna70@example.com,174,7,83.85,22/02/2021,313 Billy Mission,North Brittney,8578853,Claims inspector/assessor
Nathan Barrett,Laurie Fuller,sharon03@example.com,178,5,67.05,02/05/1983,01653 Timothy Pine,Port Diamond,28460657,Psychotherapist
Joy Brown,Courtney Ross,fgutierrez@example.com,149,3,53.78,16/12/1972,84029 Glover Mission Suite 095,Matthewstad,15398079,Retail merchandiser
Courtney Patterson,Robert Melton,adamsedward@example.com,109,4,46.65,03/06/1989,686 Crawford Road,Lake Wendy,56624021,Chief Financial Officer
Jerry Morales,David Stout,wallseric@example.com,195,3,21.94,03/09/1971,10539 Hancock Gateway Apt. 397,Mckeetown,69207433,Prison officer
Christopher Petersen,Brittany Johnson,ymaldonado@example.org,168,6,97.48,21/05/1998,6561 Hernandez Crossroad,Malonemouth,95592466,"Editor, commissioning"
Charles Chen,Toni Willis,michelle74@example.org,184,4,28.3,24/12/1986,0683 Gregory Port,North Andrewfurt,62452618,"Teacher, English as a foreign language"
Jason Pierce,Brittney Anderson,cummingsrenee@example.com,106,1,96.32,27/11/1980,8451 Johnny Roads Apt. 067,New Jeffrey,52805974,"Editor, film/video"
Gregory Lynch,Anthony Alvarez,pmatthews@example.net,191,3,83,10/07/1976,28590 Riley Turnpike Apt. 451,Zacharyberg,36073276,Management consultant
Charles Trujillo,Maria Smith,matthew41@example.net,147,9,58.89,19/06/1983,143 Deborah Shore Apt. 048,North Carlville,39935366,"Editor, film/video"
Ana Jones,Carrie Stanley,castilloisaac@example.com,191,1,76.34,24/05/1992,3830 Aguilar Vista Suite 185,New Deborah,34618455,Analytical chemist
Ronald Obrien,Tammie Rice,lauren73@example.net,143,1,77.98,21/05/2012,5952 Christopher Place Apt. 226,Andersonside,84489029,Technical sales engineer
Jessica Jones,Jose Barajas,lacey51@example.org,144,1,77.6,08/04/2009,196 Hannah Trace,Ericburgh,52839917,Medical technical officer
Patricia George,Jessica Smith DDS,jennifer43@example.org,111,8,8.9,12/01/2014,91770 Carmen Point,Josemouth,46790668,"Conservator, furniture"
Kathleen Rodriguez,Brittany Johnson,weaverkaren@example.net,100,3,26.98,02/01/1980,4642 Bird Extension Apt. 107,Micheleside,65705971,Training and development officer
Kathy Weaver,Sarah Koch,vcruz@example.com,178,7,20.83,03/03/1989,19849 Parks Well,Lake Neilmouth,29838448,Dietitian
Emily Medina,Robert Price,tony57@example.com,138,6,43.14,26/04/1971,8167 James Circle Suite 287,Hendricksland,30395596,Diagnostic radiographer
Rachel Landry,Noah Brown,alicia02@example.org,120,2,11.46,13/12/2005,883 Pham Oval Suite 134,Claystad,93567657,"Engineer, water"
Justin Henry,Michael Sharp,ryanbrooks@example.net,127,6,14.69,28/08/2005,98790 Brian Forge,New Justintown,7042492,"Sales professional, IT"
Samuel Lang,George Moore,lcampbell@example.net,174,3,18.6,02/06/1987,8915 Chris Rapids Apt. 841,Lake Brandon,27028209,Health service manager
Jessica Vargas,Samuel Shah,diazjames@example.org,199,8,23.01,26/06/2013,50375 Aaron Street Suite 054,South Taylorfurt,20991982,Electronics engineer
Olivia Stuart,Rachel Fleming,cwilliams@example.org,150,5,38.6,06/05/1970,6986 Kim Cliffs Apt. 525,Olsonfurt,42344339,Solicitor
David Young,Vincent Chapman,zharris@example.com,118,8,60.61,31/10/2004,09337 Jenkins Ford,Owenstown,12462568,Applications developer
Christine Pineda,Kevin Garcia,jbeck@example.org,157,7,13.56,09/11/1996,571 Lawrence Cape Apt. 646,East Sandra,50579174,"Psychologist, clinical"
Donna Reed,Jacob Donaldson,courtney77@example.org,195,6,49.93,12/09/1987,95215 Wallace Locks Apt. 516,North Joelmouth,74314362,"Therapist, art"
Laura Martinez,Zachary Miller,petersenthomas@example.net,194,5,49.64,03/10/1988,5633 Pham Center Apt. 684,West Stephen,5709922,"Scientist, research (maths)"
Thomas David,David Park,robert41@example.org,148,1,95.86,10/09/2005,868 Weiss Heights Suite 655,Valenciafurt,36359776,"Pharmacist, hospital"
Stanley Ruiz,Cynthia Hall,loriwilliams@example.net,172,6,44.38,05/05/1974,0349 Torres Parkways,Taylorbury,1070538,Regulatory affairs officer
Thomas Castro,Zachary Smith,rgomez@example.org,163,9,59.61,08/09/1979,37673 Flowers Keys,Greenville,64012063,"Secretary, company"
Christian Dalton,Jessica Greene,tonydavies@example.com,153,9,23.64,03/03/2011,668 Zamora Forge Apt. 652,Port Alyssa,44291266,"Accountant, chartered certified"
Lauren Meadows,Dr. Monique Marshall,elizabethbyrd@example.net,151,7,29.3,30/11/1970,657 Miller Ferry Suite 755,South Lauren,21074776,"Biochemist, clinical"
Debra Shaw,Matthew Marshall,brendavargas@example.com,126,9,54.52,02/12/1971,48081 Calderon Shore,Stewartland,80999881,"Nurse, children's"
Laura Waters,Sabrina Bailey,johnwest@example.org,141,7,77.34,05/08/2012,232 Bailey Shore,South Jeffery,51217532,Fine artist
Willie Harrison,Spencer Hall,ruizjennifer@example.com,169,5,73.63,02/12/1997,0645 Miguel Wells Apt. 334,Kevinberg,75260033,"Development worker, community"
Sean Sharp,Evan Johnson,rebeccamartinez@example.org,130,6,5.23,14/08/2015,8281 Max Mill,South Howard,79750110,Volunteer coordinator
Christopher Diaz,Brian Bartlett,carterkim@example.com,128,6,53.44,30/01/1997,82820 Stephanie Center,Port Isaac,27436608,Barrister
Thomas Pena,Dr. John Norris DDS,johnsonamanda@example.com,127,6,8.64,20/01/1995,80204 James Islands,New Joeshire,48784382,Fish farm manager
Mary Meyer,Shannon Mitchell,danieljenkins@example.net,124,7,58.27,31/03/2013,14212 Timothy Trace,Camachoburgh,76529450,"Engineer, aeronautical"
Bradley Wallace,James Miller,uroberson@example.net,150,2,17.1,07/03/1996,08223 Schmidt Stravenue,Careyfurt,23867123,Secondary school teacher
Ana Adams,Lauren Alvarez,ccraig@example.com,139,2,52.48,10/08/2001,5440 Robinson Road Suite 760,Brooksfurt,67208470,Intelligence analyst
Katie Johns,Brandi Meadows,john16@example.com,195,1,76.09,29/04/1999,96942 Barnes Ranch Apt. 302,Teresabury,61672000,"Engineer, agricultural"
Edward Lopez,Dr. Christopher Gonzalez,longkayla@example.org,134,6,35.02,14/02/2009,6173 Alyssa Ways Suite 342,Lynchberg,61171596,Holiday representative
Katie Pratt,Seth Jones,rodriguezclarence@example.net,155,3,17.21,22/03/1980,4066 Brandi Divide Apt. 364,Parsonschester,8235176,"Librarian, public"
Michael Scott,Kristine Day,anthonyrodriguez@example.com,126,6,89.4,27/09/2012,0393 Jennifer Flats Suite 864,Jamesstad,59921356,Manufacturing systems engineer
Tim Johnson,Christopher Espinoza,ocastro@example.com,116,8,81.68,29/10/1984,994 Bob Fort Apt. 241,South Andrewfort,31054973,Learning mentor
Cynthia George,Cynthia Wilson,westmichael@example.net,140,6,56.65,07/12/2019,392 Elizabeth Road Suite 193,West Christophertown,88813936,Equality and diversity officer
Lawrence Ballard,Steven Ross,rdawson@example.net,132,2,30.59,22/07/2004,87622 Griffith Stravenue Suite 162,East Michaelshire,27475607,"Designer, blown glass/stained glass"
Steven Carter,Miss Kayla Griffin,zgreen@example.com,127,1,18.18,13/03/1983,694 Michael Alley Suite 950,Ashleystad,94851434,"Scientist, research (maths)"
Kayla Baker,Caleb Mullins,ian03@example.net,188,2,48.7,08/10/2020,834 Colleen Course,Jonathanstad,84382061,Commercial horticulturist
Kristin Wood,Alexis Williams,njones@example.org,193,8,66.71,13/07/1978,0746 Cox Mews Apt. 024,Lake James,32783407,"Psychologist, clinical"
Stephanie Conley,Jose Gilbert,brookemejia@example.com,172,7,55.25,07/02/2020,482 Singh Rapids,Johnsonstad,91051400,"Producer, television/film/video"
Aaron Riddle,Nicole Hall,rhonda95@example.net,154,8,54.68,07/05/1990,562 Brown Common Apt. 622,Nicoleshire,18156249,"Therapist, horticultural"
Michael Bennett,Keith Leach,orobinson@example.com,117,2,28.57,01/12/1994,583 Jonathan Vista Apt. 512,South Cody,86915915,"Engineer, biomedical"
Joshua Brown,Jennifer Wilcox,obrooks@example.net,132,8,71.42,08/01/1975,293 Peterson Corner,Murphymouth,58110348,IT technical support officer
Luis Tanner,Jasmine Mitchell,ryan12@example.net,153,1,90.52,12/01/2009,8360 Wolfe Plain,North Haleystad,44203115,Multimedia programmer
Tara Brown,Megan Fischer,mathewgonzalez@example.org,106,9,11.58,26/10/1982,269 Sandra Hollow Suite 456,South Laura,37455569,Architectural technologist
Ann Melendez,Ashley Morgan,erivera@example.com,109,2,58.7,15/05/2005,24044 Heidi River,Christopherchester,5899722,Forensic psychologist
Kyle Hernandez,Angelica Simmons,johnchambers@example.com,180,2,80.61,29/06/2019,0689 Luke Junctions Suite 708,Anthonytown,6789725,Psychiatric nurse
Lori Bates,Carol Hines,pwilson@example.org,103,1,78.72,04/10/2021,99769 Billy Brook,South Brendanfort,43394234,Sales executive
Joshua Gilbert,Julie Mills,ruizmonica@example.com,148,1,92.19,09/09/2020,56446 Shaffer Skyway Suite 156,Tabithashire,95030975,Advertising copywriter
Jesse Rios,Jeffrey Moon,ryanstephens@example.net,147,2,72.59,02/08/1987,22153 Kerr Isle Apt. 501,South Melinda,92502895,"Sound technician, broadcasting/film/video"
Michael Burke,Lori Hernandez,whurst@example.net,122,7,69.06,05/08/2009,374 Matthew Point Suite 355,Riversview,696265,"Doctor, hospital"
Angela Campbell,Jordan Davis,colelisa@example.com,129,9,96.16,02/08/1970,4164 Vanessa Neck,Port Kimberly,22210302,"Civil engineer, contracting"
Mr. Gregory Hamilton,Kyle Farley,douglas80@example.com,126,6,47.6,20/01/1978,57244 Wright Gardens Suite 002,Taylorport,24328289,"Therapist, drama"
Jill Christensen,Christine Brooks,caseytheresa@example.org,192,6,66.37,02/06/2016,535 Mary Flats,West Christina,52367892,Water engineer
Christopher Martinez,Megan Bryant,daniel94@example.org,162,2,55.63,21/11/1992,779 Colton Overpass,Lake George,65419939,Geographical information systems officer
Cody Daniels,Robert Clark,lewistoni@example.org,190,6,75.2,23/04/1999,75323 Melissa Isle Suite 375,Sandraborough,65565438,Legal secretary
Raymond Smith,Kelly Lewis,dwaynemorris@example.net,123,3,70.09,21/10/2011,876 Debbie Turnpike,Elizabethmouth,16903722,Teaching laboratory technician
Jimmy Ashley,Nathaniel Martinez,jacquelinejones@example.com,140,5,50.5,06/01/1971,46617 Bryant View,Lake Emilyside,5369072,"Engineer, control and instrumentation"
Catherine Reed,Sharon Potter,npruitt@example.org,144,8,31.32,06/07/2013,644 Garcia Loop,Burnettville,60970251,Accounting technician
Phyllis Bailey,John Mendez,tinajones@example.com,178,1,36.12,16/01/2022,83372 Daniel Pike,Kyleborough,72911433,"Engineer, water"
Ashley Ortega,John Murillo,nreese@example.org,194,3,71.99,13/12/2006,0050 Marshall Ferry Suite 280,Wendyhaven,9406766,Colour technologist
Micheal Mccarthy,Catherine Fitzgerald,ubarker@example.org,170,9,84.81,16/03/1980,989 Valencia Green,West Danielland,28242697,Artist
Scott Collins,Danielle Gonzales,jenniferchavez@example.net,183,9,86.56,25/02/2013,93990 Christopher Light,Kristinaborough,87044591,Armed forces logistics/support/administrative officer
Brad Jennings,Shawn Jennings,joseph46@example.com,126,8,70.5,15/09/1976,7125 Joseph Plains Suite 187,Walshview,15095060,"Scientist, research (life sciences)"
Yolanda Fowler,Victoria Jones,wheelerchristian@example.org,197,7,72.48,03/07/2010,83990 Adams Harbor Apt. 423,West Emily,83866012,Financial manager
Christopher Frazier,Omar Hays,arobinson@example.net,121,2,41.55,07/07/1984,918 Johnathan Mills Suite 902,Lake Ashley,50779703,Mechanical engineer
Cynthia Howell,Daniel Cabrera,sherry48@example.com,171,6,10.07,25/04/1974,502 Ramos Crest Suite 477,Port Jamesmouth,85386105,"Administrator, charities/voluntary organisations"
Jeff Stanley,Monica Cummings,mary75@example.com,160,6,64.55,01/01/2004,4315 Reynolds Villages,Robertsonmouth,63845839,Archaeologist
Steven Brown,Thomas Little,brandonkim@example.net,132,7,43.07,26/07/1972,02386 Wilkinson Brook,Rogersport,77923974,Research scientist (life sciences)
Corey Morales,Wesley Shannon,sheilaward@example.org,191,6,98.27,24/05/1987,3431 Brown Springs Apt. 882,New Deborah,74042067,Trade union research officer
Courtney Swanson,Drew Ellis,sullivanshannon@example.com,193,2,64.18,15/12/1976,2319 Barnett Coves,West Latashastad,60399892,Economist
Joyce Vargas,Jessica Maxwell,justin32@example.com,119,5,81.65,17/06/1993,3103 Lang Isle,Josephton,1068467,Chartered loss adjuster
Michael Hebert,Pamela Klein,gregorydurham@example.com,179,9,39.78,13/09/2006,261 Jacob Key Suite 759,New David,5092543,Therapeutic radiographer
Patricia Hood,Sara Berg,tammyayers@example.net,197,7,35.45,11/11/1982,87981 Matthew Terrace,Larsonstad,14687471,"Designer, television/film set"
Ian Chen,Nicholas Newman,brenda22@example.net,100,4,14.4,28/08/1994,3643 King Grove Suite 615,North Donald,41679265,"Loss adjuster, chartered"
William Williams,Beverly Ford,andrewaguilar@example.org,185,8,15.83,06/02/2009,743 Walsh Mountains Suite 906,Scottstad,82736675,Fashion designer
Daniel Mason,Cynthia Ford,andrew69@example.org,179,3,49.61,29/04/2005,459 Mccoy Parkway Suite 908,South Katherine,46089922,Press sub
Derrick House,Eric Floyd,hughesthomas@example.org,109,6,47.47,24/04/1982,988 Wilson Passage Suite 165,Joseside,17315982,Industrial buyer
Kenneth Johnson,Christian Newman,william59@example.net,135,5,29.25,25/07/2001,8386 Kimberly Grove Apt. 201,Kennedyside,83821073,"Loss adjuster, chartered"
Sherry Price,Donald Cohen,malvarado@example.net,124,1,94.72,07/04/2018,472 Larsen Points Suite 768,Christopherport,22822390,Armed forces logistics/support/administrative officer
Linda Johnson,Amber Page,parkernathan@example.com,177,2,35.89,08/08/2001,99059 Miller Valleys,Vanessahaven,98441785,Chartered legal executive (England and Wales)
Rebecca Craig,Barbara Cox,kelly10@example.org,123,6,94.91,08/10/1975,31836 Nguyen Dam Suite 945,Daughertyport,84125149,"Editor, magazine features"
Joseph Love,Jordan Cardenas,charlesdeleon@example.net,152,1,96.01,16/06/1995,7076 Graham Common,South Heather,74537327,Physiotherapist
Pamela Doyle,Johnny Gonzalez,justinbowman@example.org,152,8,37.85,12/04/1981,02894 Elizabeth Glens,Marksberg,52482199,"Programmer, applications"
Shannon Day,Linda Patton,megan77@example.net,145,3,69.95,17/04/1998,7753 Anna Burg,Potterfort,64249605,Pension scheme manager
Eric Harris,Jonathan Johnson,jonathanpowers@example.com,102,4,81.86,19/04/1993,837 Toni Springs,Hodgehaven,54067998,Environmental consultant
Monica Owens,Karen Thomas,alexandria33@example.com,116,3,64.71,24/10/1979,5841 Marc Via Suite 852,Evanshaven,37872823,Special effects artist
Ashley Scott,Craig Hendricks,gharper@example.com,157,9,43.57,22/10/1976,34505 Michael Mount Suite 769,Josephchester,35218555,"Accountant, chartered"
Courtney Brown,Adam Warner,jstanton@example.org,117,7,70.81,10/12/1992,38732 David Keys Suite 475,Port Ronaldborough,84679833,Radiation protection practitioner
Paul Morales,Stephen Johnson,omarball@example.com,197,8,24.23,16/08/1972,9723 Murray Circle,Herreraburgh,99983109,Sport and exercise psychologist
Luis Porter,Sierra Robles,potterdustin@example.com,190,3,61.48,05/03/1979,50028 Burke Terrace Suite 462,Lake Elizabeth,92392205,Learning disability nurse
Kimberly Scott,Luis Lynch,cynthiaadams@example.net,115,8,93.58,30/11/2004,9696 Mary Village Suite 569,Lisafurt,27499733,Bonds trader
Kimberly Evans,Steven Johnson,christopherbeck@example.com,142,5,40.83,25/03/1974,83395 Underwood Club,Jacksonbury,33348278,"Nurse, children's"
James Cooper,Lisa Mercer,smeza@example.net,117,7,64.26,15/02/2004,2598 Joann Lock Apt. 953,North Richardtown,62085809,Advertising art director
Wanda Jensen,Susan Newman,youngronald@example.org,144,5,86.42,30/06/1975,438 Atkinson Harbor Apt. 501,Bonillaville,40368559,Exhibition designer
Rachel Coleman,Tonya Garcia,samueljacobs@example.net,120,4,18.65,21/11/2013,155 Alice Bypass,South Phillipport,19067988,Commissioning editor
Kevin Cunningham,Patricia Moore,sanchezsteven@example.net,126,6,41.95,07/05/2006,85759 Matthew Shoals,Theresaberg,85144118,"Designer, fashion/clothing"
Alexander Murphy,Tamara Reynolds,julian15@example.com,155,6,50.36,16/06/2000,96503 Brown Meadow Apt. 542,West Julie,54867055,"Civil engineer, contracting"
Jeffrey Smith,Mary Lopez,shuang@example.net,147,6,21.78,06/01/2018,5788 Alan Drive,Robertborough,94316469,Research scientist (physical sciences)
Michael Martinez,Kimberly Dyer,craigtaylor@example.com,183,3,64.37,09/12/2009,2553 Anderson Throughway Suite 576,Port Stephanie,32478389,"Designer, textile"
Luke Mitchell,Denise Barker,david81@example.net,191,9,30.67,20/08/1998,1792 David Plains,Allenshire,92011922,Diagnostic radiographer
Vanessa Jones,Jessica Burton,nsantiago@example.org,102,1,84.19,17/10/1991,1053 Mendoza Lights Apt. 832,Robertfort,38550232,"Surveyor, commercial/residential"
Lisa Bennett,Caleb Davidson,hernandezsonya@example.org,181,2,44.93,15/05/2017,69313 Smith Junction,Mcdanielfurt,72657560,Logistics and distribution manager
Abigail Aguirre,Carol Franklin DVM,millerrobert@example.net,164,5,49.93,16/04/2013,787 Thomas Plaza,Webbside,87584042,Industrial buyer
Christine Lara,Lindsey Miller,wesley53@example.org,178,7,91.37,03/05/2020,0050 Barron Port Suite 146,Rebeccaville,31100984,Tourist information centre manager
Alison Wilkinson,Angela Harvey,sandra23@example.com,138,3,18.31,30/06/1982,1571 Harris Way Apt. 203,East Davidbury,63743302,Aeronautical engineer
Michael Morris,Hannah Shaw,johnanderson@example.net,193,1,91.12,01/07/2016,176 Robin Corners Apt. 818,Gomezhaven,79173445,Petroleum engineer
Tammy Ross,David Miller,vgarcia@example.org,189,3,67.54,16/07/1977,4280 Knight Terrace Suite 803,Nguyentown,96363416,"Presenter, broadcasting"
Alicia Quinn,Jordan Cooper,vanessawashington@example.net,197,1,71.11,02/04/2019,1395 Mary Shore Apt. 031,Georgestad,4228585,Chief Executive Officer
Andrea Williams,Patrick Johnson,thomascarter@example.net,123,4,33.1,04/08/2009,3636 Johnson Ports,Phelpsmouth,95286198,Commercial art gallery manager
Blake Baker,Mark Montgomery,eddie43@example.org,125,5,51.4,27/08/2020,57285 John Wall,Woodardburgh,83641411,Sports coach
Margaret Cruz,Natalie Taylor,robertwood@example.org,195,3,91.74,25/01/1995,57012 Monica Dale,West Amyburgh,5815401,Economist
Sarah Sandoval,Christy Garcia,beltranbrittany@example.org,112,5,50.34,08/02/1983,309 Burns Trafficway Suite 451,South Melissa,16105553,"Presenter, broadcasting"
Morgan Walsh,Mrs. Lauren Kelly DDS,njohnson@example.com,176,5,36.73,11/12/2000,899 Myers Rapid,East Rebecca,64872926,Fisheries officer
Gloria Williams,John Farrell,burnseric@example.org,154,3,27.66,14/06/1996,89372 Megan Street Apt. 102,West Deanna,10770191,Podiatrist
Erin Jones,Dr. Sean Nelson DVM,rmiller@example.net,141,8,56.33,09/07/1998,63742 Teresa Green Suite 860,East Jeremiahhaven,92848061,Facilities manager
Leslie Jackson,Richard Jones,tjefferson@example.com,183,5,53.94,23/11/1989,8265 Mitchell Points,Riceside,9147294,Product/process development scientist
Carl Herrera,Hailey Morse,smiller@example.net,180,5,24.32,07/03/2018,87627 Cook Neck Apt. 731,West Roy,78527294,Hospital pharmacist
David Hurley,Jennifer Robinson,beckeradam@example.net,193,1,69.95,04/02/1974,0284 Anderson Stream,East Kevin,36644186,Special educational needs teacher
Megan Hall,Rodney Hartman,kmcdowell@example.net,161,3,14.09,30/04/1983,99925 King Unions,Mortonchester,82941956,Actuary
Maria Thompson,Paul Kidd,kenneth09@example.org,172,2,63.15,27/08/1975,7016 Gary Row Suite 540,East Angelachester,64662251,Conference centre manager
Alan Nguyen,Jasmine Best,kjones@example.com,125,4,44.66,27/01/2002,3863 Dylan Track Apt. 094,Lake Zoefurt,72978238,Public affairs consultant
Gregory Carter,Kevin Anderson,lbullock@example.com,192,9,15.77,13/11/1983,304 Powers Road,Charlesfurt,49138122,"Surveyor, mining"
Elizabeth Cochran,Stephanie Sanders,janicelara@example.org,196,8,91.41,30/05/1994,2327 Gregory Extensions,South Bradleyburgh,22125415,Tourism officer
Jennifer Jackson,Hayden Rose,tylerrichardson@example.net,145,3,22.97,17/06/2009,4179 Moore Drive,New Danny,12893850,"Accountant, chartered"
Julie Kirby,Kyle Hunt,patricianorton@example.com,138,2,8.98,19/06/2006,239 Michael Overpass Apt. 452,Coreybury,32729733,Proofreader
Andrew Brock,Michael Daniel,lauriehill@example.com,104,4,96.44,19/07/1980,3096 Compton Mall,Bryanbury,59031154,Building surveyor
Rebecca Heath,Timothy Beck,morganjulie@example.net,148,7,44.15,10/12/2016,498 Carpenter Mall,New Catherineberg,45371493,"Programmer, systems"
Noah Abbott,Rachael Burgess,deanfuller@example.org,116,2,92.11,25/06/1996,875 Salazar Point Apt. 354,Maryland,1544428,"Scientist, research (medical)"
Joshua Cook,Samuel Mcconnell,richardsonheather@example.org,190,9,35.53,03/07/2020,31870 Lori Mission,East Kimberly,5600106,Agricultural consultant
Laura Thompson,Thomas Roberts,davisrobert@example.com,137,6,97.47,04/05/1989,29692 Matthew Lock,Lake Zacharyborough,66178620,Community arts worker
Karla Hill,Samuel Ortega,anthonylee@example.com,160,9,83.76,27/10/1986,4715 Colleen Ford,Garyville,99153397,Dance movement psychotherapist
Jaclyn Colon,Ashley Holloway,lorireeves@example.net,109,3,62.19,26/07/1994,18247 Bill Trafficway Apt. 790,Jacquelinemouth,38643989,Economist
William Zavala,Jeff Villegas,idaniel@example.org,105,2,34.8,25/03/2007,38276 Hopkins Divide,South Daniel,8257666,"Engineer, land"
Heidi Walters,Harry Mosley,sharon89@example.com,118,9,75.95,10/04/2019,760 Kaitlin Point,New Donna,13061326,Adult nurse
Wesley Vega,Brooke Stephens,justin16@example.org,118,8,97.3,26/12/1975,262 James Throughway,Hardingborough,60145444,Tax adviser
Dawn Jones,Rita Warren,morenoshannon@example.net,194,2,67.87,23/11/2005,0784 Peterson Route,Port Kathryn,21488184,Accounting technician
Misty Brown,Ashley Velez,lawrenceamy@example.com,178,5,17.65,14/05/1980,077 Kelley Parkway Apt. 908,Kathrynview,7029943,Chief Strategy Officer
Jared Aguirre,Laurie Baldwin,robert97@example.net,126,4,66.2,20/05/2013,411 Michael Station,West James,69149900,"Administrator, charities/voluntary organisations"
Joseph Rosario,Eric Little,benjaminfrazier@example.net,154,2,58.41,06/06/2005,568 Kelly Vista Suite 180,East Anthonyville,22255150,"Buyer, retail"
Brittany Munoz,Rachel Sanchez,dudleyemily@example.org,159,7,46.44,06/02/2015,136 Mary Fields,New Ambershire,4473459,Cartographer
David Gonzalez,Katherine Ramirez,caroline73@example.org,177,9,92.32,30/06/1996,22156 Elliott Via Suite 719,Taylorland,59157267,"Engineer, structural"
Joseph Walters,Willie Miller,josephaguilar@example.com,150,5,29.14,02/07/2017,6102 Anderson Stream Apt. 605,Lancefort,81929634,Manufacturing engineer
Kirsten Wiley,Karen Harvey,bmunoz@example.com,109,7,96.9,20/08/2009,48841 Marcus Ford Suite 512,New Jennifer,14047183,Actuary
Mary Patel,Danielle Sullivan,saracervantes@example.net,101,9,31.6,04/06/1996,2866 Thomas Dale,East Mark,10608173,Bonds trader
Austin Hamilton,Rachael Fuentes,richardmitchell@example.org,165,7,20.59,02/05/2006,819 Jessica Garden Suite 287,Dannyberg,45507540,Bookseller
Jerry Schwartz,Kristen Sanchez,jamesjenkins@example.org,109,6,67.13,27/05/2002,508 Montoya Forest Apt. 642,Lake William,98839902,Environmental education officer
Terry Mendez,Jonathan Watson,uwinters@example.net,145,6,79.48,13/07/2006,1788 Tommy Stream Apt. 115,Christianton,5741984,Technical brewer
Jeffrey Burch Jr.,Dustin Nicholson,kimberlythompson@example.net,131,8,54.95,02/10/1972,88140 William Canyon Apt. 597,Devinborough,9150300,Health physicist
Laurie Ryan,Bradley Phelps,zbeck@example.org,115,6,80.53,20/10/1981,4120 Alyssa Stream,Kelliville,77378163,Commissioning editor
Nathaniel Ramos,Justin Jackson,tonysloan@example.net,142,4,68.06,09/06/2011,66099 Sheryl Ramp,Christopherview,38411472,Nutritional therapist
Carrie Dudley,Gary Smith,jessica57@example.org,138,3,13.9,25/09/1971,4169 Ford Glen Apt. 920,East Kimberlyberg,9653306,Plant breeder/geneticist
Tanya Hodge,Luis Alexander,matthew00@example.com,129,9,94.02,15/11/1991,14418 Deborah Manor,Hughesside,6435080,Bonds trader
Joshua Haynes,Melissa Russell,bgriffin@example.com,193,5,93.12,13/06/1997,39186 Angela Viaduct Apt. 301,West Katietown,81406050,Rural practice surveyor
Thomas Decker DDS,Chad Perez,amy49@example.org,171,2,55.1,06/03/1982,94041 Lindsey Lakes,Robertofort,14406096,Tax inspector
Melissa Tran,Natalie Ellis,robinsonmatthew@example.net,173,2,74.36,27/09/2006,7299 Simpson Summit,Singletonborough,8397133,"Scientist, research (maths)"
Cynthia Stevens,Carol Webb,gmartin@example.com,139,4,63.46,27/11/1972,293 Ramirez Turnpike,Port Cathyhaven,84040459,Environmental education officer
Michael Robinson,Connie Morton PhD,jamie18@example.net,183,4,35.36,14/05/1999,6845 Tran Loaf Apt. 471,North Wendy,53959324,Control and instrumentation engineer
Samuel Lucas,Jason Gardner,ymacias@example.com,141,7,35.69,07/04/1996,90578 Allen Wall Suite 081,Jacobshire,34970898,Electronics engineer
Daniel Miller,Lori Alvarez,brooksjennifer@example.net,139,1,43.62,27/06/1999,70441 Tara Spurs,Cochranview,49933437,Musician
Susan Martin,John Jordan,ochen@example.com,154,4,89.33,08/04/1989,863 Kristopher Junctions,Port Tammy,63996494,Facilities manager
Natalie Tate,Jeremiah Berry,emily55@example.net,179,8,88.83,04/05/2005,5079 Sanchez Branch,New Carlstad,76545108,Tree surgeon
Nicholas Johnson,Jamie Hanson,anthonymedina@example.net,145,5,48.35,23/03/1971,38492 Susan Ports,Penningtonbury,34189306,Medical secretary
Brenda Becker,Linda Brown,kevinwaller@example.org,170,9,21.99,03/11/2021,902 Hall Parkways,Sharpfurt,1508628,"Education officer, community"
Stacey Hernandez,Jacob Madden,patelstephen@example.com,141,7,56.12,08/06/1992,57170 Brooks Pass Suite 322,Gabrielborough,31997591,Estate agent
Juan Vang,Sharon Everett,mark44@example.org,104,8,28.24,19/02/2005,74438 John Ville Suite 076,West Patrick,41642733,Broadcast engineer
Joshua Marquez,Amanda Hickman,asullivan@example.com,151,9,18.53,12/01/2018,9033 Susan Ridges,Madisontown,19666266,Armed forces technical officer
Jean Pennington,Matthew King,lthomas@example.org,112,2,82.39,12/05/2013,41797 Krista Tunnel,Joelton,76211645,Economist
Christopher Nguyen,Whitney Kline,melissa78@example.org,145,1,99.33,13/03/1992,013 Jason Mountain Suite 712,Schaeferborough,73037095,Surgeon
Jamie Perry,Megan Strickland,andrea21@example.net,181,3,59.91,26/02/2005,9846 Faulkner Loop,North Kevinton,57762302,Aeronautical engineer
Eugene Johnson,Justin Taylor,xhorton@example.com,139,8,8.31,21/10/1992,81737 King Loaf,East Kellyland,92330917,IT consultant
Kelly White,Christie Stewart,hannah29@example.com,152,7,34.61,24/07/2012,0586 Michael Harbor Suite 987,South Travis,14167065,Firefighter
David Woods,Taylor Nelson,sharonwilliams@example.net,181,9,20.39,17/09/1995,9743 Brittney Brook,Nguyenmouth,7649097,Operations geologist
Holly Johnson,Brandon Griffith,jessica81@example.org,101,6,18.71,31/03/2007,683 Jackson Stravenue Suite 033,Laurenstad,26308524,"Therapist, drama"
Alexis Jensen,Sharon Rodriguez,jermainebarker@example.net,121,3,24.67,06/07/1994,11583 Shea Station,West Jonathanview,57365275,"Development worker, international aid"
Jennifer Tran,Jessica Neal,anthony28@example.com,138,5,66.13,26/12/2004,056 Farley Mountains Suite 753,Crawfordport,76011085,Probation officer
Jody Evans,Calvin Nichols,cperez@example.com,137,9,50.59,07/10/2018,0142 Kane Track,Campbellton,36985401,Risk analyst
Edward Hardy,David Brown,harveyerika@example.org,154,1,77.77,25/03/1998,4814 Katrina Haven,Hickston,62784450,Animal technologist
Lisa Morris,Morgan Hensley,raymonddiaz@example.com,168,1,9.88,28/10/2004,80162 Mathews Islands Apt. 751,New Cynthia,22100313,Astronomer
Danielle Griffin,Mr. Scott Webster MD,courtneyweaver@example.org,173,2,76.31,06/11/1980,6354 Kristin Springs,North Vincent,79543866,Systems analyst
Ashley Johnson,Susan Hubbard,jacobpotts@example.org,139,4,7.63,14/06/2011,14031 Hernandez Gateway,Lake Paulbury,55481823,"Solicitor, Scotland"
Brooke Wood,Kyle Smith,lwhite@example.net,103,1,33.35,25/10/1989,6338 Hensley Pike Suite 438,New Jacquelineview,51255541,Insurance broker
David Ballard,Robert Turner,nshelton@example.com,110,5,44.67,28/11/1994,901 Thornton Parkways Suite 801,South Adrienne,93237659,"Education officer, environmental"
Elijah Garcia,Nicole Cole,kimberly95@example.com,167,6,93.01,29/08/1987,4466 Vasquez Port,New Jason,45879784,Clothing/textile technologist
Rachel Clarke,Samuel Ware,nenglish@example.org,151,5,30.6,02/11/1970,6468 Troy Row Apt. 191,Dunlapport,51188993,"Surveyor, rural practice"
Michael Warner,Katie Sherman,hyoung@example.com,179,1,98.79,31/08/1974,4284 Patricia Locks Apt. 993,Jamesport,98827589,Games developer
Carly Vaughn,Rebecca Hicks,uchang@example.org,121,4,45.96,19/12/2011,47756 Scott Mountains,Rickyberg,50224227,Medical laboratory scientific officer
Matthew Tran,Darrell Weiss,swalker@example.org,194,7,91.08,29/06/1989,71622 Susan Tunnel Suite 234,South Frankmouth,53429650,Water quality scientist
Joshua Wang,Jordan Kane,vincentsanchez@example.org,153,4,46.11,08/11/1979,83428 Luis Glens,South Tracyland,30941649,Minerals surveyor
Michael Nelson,Stephanie Davis,pmorgan@example.com,153,9,7.59,19/09/2008,45751 Kevin Burgs,Cynthiatown,95664767,"Designer, graphic"
Stacey Walker PhD,Bridget Murray,tina33@example.org,140,3,48.41,13/12/1973,12319 Phillips Inlet Apt. 508,West Oliviabury,19041247,"Chemist, analytical"
Larry Larson,Deanna Craig,ojohnson@example.org,104,3,50.75,29/10/2010,250 Trujillo Street Apt. 366,West Emily,86278324,Psychiatric nurse
Tristan Campbell,Seth Gonzalez,qdickson@example.com,145,4,56.34,26/12/2011,5589 Flores Inlet,Scottmouth,46189394,"Clinical scientist, histocompatibility and immunogenetics"
April Lambert,Alan Avery,lisacox@example.com,183,6,80.77,18/06/1994,965 Derek Green,West Omar,6912062,Surgeon
Rebecca Hernandez,Lisa Holmes,martinnicole@example.net,122,6,49.17,14/12/1994,65889 Maria Crescent,New Victoriafort,74003259,Acupuncturist
Larry Adams,Mariah Conner,williammyers@example.com,144,4,50.03,22/06/1982,8113 Jackson Glen,East Adamshire,64432915,Special educational needs teacher
Alvin Mendoza,Daniel Shelton,christophersilva@example.net,195,9,18.63,09/08/2001,33930 Levi Prairie Apt. 647,West Veronicaport,86029254,Fast food restaurant manager
Megan Jones,Eileen Fletcher,donald81@example.com,188,2,94.8,03/07/2021,30912 Brown Route,Lake Melissa,43276783,General practice doctor
Michael Snyder,Terry Deleon,reedkristin@example.net,149,6,86.96,21/05/1973,800 Callahan Skyway Apt. 823,Lake Josephfort,76309199,Passenger transport manager
Jasmine Bailey,Brian Ramos,williamsrachel@example.com,132,2,82.28,22/08/1990,3894 George View Apt. 303,Nathanport,61701328,"Physicist, medical"
Danielle Leonard,Barbara Robinson PhD,kylesmith@example.net,108,8,47.89,09/05/1996,412 Meyer Station,Schwartzberg,27526538,Energy manager
Chelsey Moore,Christy Taylor,qhudson@example.net,104,6,29.12,25/09/1975,95834 Hall Stravenue Apt. 904,North Jonathanbury,45120923,Building surveyor
Luis King,Hayley Beard,pjackson@example.net,173,7,97.54,09/11/1976,7931 Elizabeth Unions Suite 432,West Bianca,28359142,"Biochemist, clinical"
Derek Dawson,Hannah Jimenez,gomezheather@example.net,140,2,38.9,11/04/1980,7864 Albert Junction,Ericmouth,2633572,"Scientist, biomedical"
Valerie Butler,Nicholas Edwards,rknight@example.net,199,2,55.05,18/01/1987,54066 Douglas Motorway Suite 073,Lake Jason,25513066,Dealer
Paul Lowe,Kimberly Davis,candice03@example.com,142,7,90.46,14/06/1973,870 Sanchez Creek,North Laura,93075343,Copy
Bethany Stephens,Christine Adams,fcruz@example.net,172,7,66.51,15/05/2011,6814 Williams Islands,Port Michaeltown,21514586,"Chemist, analytical"
Sara Brown,Rhonda King,jamesjarvis@example.com,120,9,38.13,07/02/1973,9939 Andrews Island Suite 697,North Sheilabury,29078592,Licensed conveyancer
Sarah Long,Kim Morrison,johnsonvincent@example.net,194,6,78.81,24/11/1984,2570 William Mills Apt. 901,Wolfport,6092313,Press photographer
Daniel Rodriguez,John Greer,dylansmith@example.net,174,8,35.89,12/02/2020,59387 Ingram Walk Suite 506,Robertostad,72891674,Geographical information systems officer
Sharon Wise,James Chandler,michaelmitchell@example.net,158,3,11.63,24/11/2013,31169 Michael Drive Apt. 749,Bethanymouth,10383148,"Education officer, museum"
John Foster,Stephen Carroll,emilyanderson@example.com,136,3,70.07,18/05/1993,653 Zachary Drive,West Tylerchester,20796952,Newspaper journalist
Erin Larson,Joshua Edwards,lhoward@example.org,157,1,38.53,25/07/1998,2181 Mcclure Oval,Fordfort,16479821,Acupuncturist
Kayla Fletcher,Nancy Lopez,jaime70@example.org,184,9,43.86,18/11/1985,85959 Timothy Flats Apt. 712,Port Sharonside,88798448,Police officer
Travis Martinez,Christina Gutierrez,joshuarobinson@example.com,124,4,67.2,18/01/1975,283 Grant Meadow,Mckenzieberg,68624712,Consulting civil engineer
Michaela Young,Sandra Williams,collinslisa@example.com,161,4,87.94,25/09/1978,657 Smith Route Suite 485,Christopherside,22776495,Accounting technician
Mark Chen,Stephanie English,stacey80@example.com,152,9,61.78,15/12/1994,149 Moore Mall,New Angela,29594702,Mudlogger
Brandy Macdonald,Christopher Griffith,johnnorman@example.com,157,1,8.22,02/01/1984,26675 Brian Brooks Suite 664,West Kimberly,26428314,"Programmer, applications"
Cindy Vaughan,Caitlin Rodriguez,aadams@example.net,147,1,62.08,13/06/1991,609 Wright Inlet,Lake Phillip,91255808,Speech and language therapist
Monique Owens,Michael Diaz,kimberly68@example.com,125,8,6.32,11/07/1987,26097 Joseph Rest,Port Cheryl,4421610,Psychotherapist
Isaac Mcbride,Matthew Austin,pamelashaw@example.net,157,1,39.04,10/03/1980,7221 Betty Turnpike Apt. 688,Danielhaven,64908298,Geographical information systems officer
Mrs. Rachel Oconnor,Mr. Tim Caldwell,johnsonjustin@example.net,165,2,36.41,04/10/2000,50688 Bates Mountain Suite 176,Brandonchester,93799003,Curator
Jennifer Sheppard,Stephen Barrett,howellsherry@example.org,176,5,15.15,26/11/1989,9530 Julia Squares,Donaldbury,49797190,Insurance broker
Brian Adams,Mark Mills,jacquelinelucas@example.com,120,9,56.22,20/03/1985,389 Farrell Centers Apt. 344,Lake Mariaside,33164014,"Accountant, chartered management"
Andrew Sanchez,Jared Welch,meganwheeler@example.net,141,6,85.61,11/12/1974,849 Jones Coves,Lake Heather,54053861,Stage manager
Andrew Jensen,Jessica Brock,rnguyen@example.org,196,2,26.2,13/11/2016,430 Brian Plain,Barnesview,60959034,Probation officer
Jeffrey Bradley,Thomas Smith,fdiaz@example.net,153,7,77.21,31/08/2008,06668 Hunter Camp Suite 660,West Patriciaberg,29625222,"Pharmacist, hospital"
Michelle Campbell,Veronica Garcia,dwong@example.org,104,3,70.43,09/04/1991,666 Yoder Springs Suite 337,Kristenport,9483675,"Scientist, forensic"
Keith Miller,Brad Martin,alexisweiss@example.net,118,4,35.92,30/09/1987,51548 Phillips Mountains Apt. 102,Hernandezberg,11758174,Civil Service fast streamer
Scott Ward,Phillip Lowery,jmartinez@example.org,105,4,52.02,22/08/1981,588 Melissa Causeway Suite 491,Port Danielberg,51131494,Early years teacher
Elizabeth Mercado,Lisa Perez,eriddle@example.net,111,7,38.31,18/10/1989,701 Schwartz Shores Apt. 530,South Derrick,74942060,Curator
Andrea Jackson,Beverly Jackson,vandrews@example.net,160,1,61.97,16/01/2018,9491 Daniel Hollow Apt. 729,Brettberg,87731170,"Designer, exhibition/display"
Michelle Ramos,Nicole Simmons,clang@example.net,154,6,56.35,19/04/1980,048 Jillian Cliff Apt. 928,Marytown,60686749,"Physicist, medical"
Sarah Gould,Paul Sanchez,asanchez@example.com,179,9,20.64,23/08/2015,30938 Chavez Isle,Port Natalie,62307260,Patent examiner
Wendy Ward,Danielle Rogers,tmiller@example.com,104,7,45.93,07/07/2008,551 Jasmine Grove,Justinfurt,67304110,Teaching laboratory technician
Emily Mathews,Dwayne Baxter,joseph77@example.com,196,6,26.36,24/03/2007,68833 Knight Forge,South Makayla,35496366,Translator
Sheri Hernandez,Sarah Rodriguez,elliserin@example.net,178,6,88.94,28/07/2005,360 Lin Spring Suite 453,Christopherville,80413028,Logistics and distribution manager
Katelyn Schmidt,Kevin Shepherd,qwilliams@example.org,123,1,40.11,10/10/1986,76291 Potts Well,Gabriellashire,57252704,"Geologist, engineering"
Theresa Black,Megan Johnson,wilkersonkim@example.com,150,7,46.06,02/09/2021,0711 Obrien Drives,Laneview,64859323,"Engineer, civil (contracting)"
Julian Smith,Rachel Gross,shelly35@example.org,142,2,83.53,11/08/2016,911 Stephanie Course,Leeborough,50548460,Careers information officer
Derrick Owens,Hannah Sanchez,hancockbarbara@example.com,193,7,9.29,19/04/2005,7437 Benson Fields Suite 331,Lake Bobborough,71903309,Environmental consultant
David Aguirre,Angela Solis,nelsonbrian@example.net,160,5,9.53,19/10/1999,443 Renee Lodge,West Patricia,81315864,"Engineer, site"
Kimberly Williams,Justin George,zjohnson@example.net,105,4,66.66,16/07/1977,10215 Richardson Lights Suite 582,Port Kenneth,71014760,Purchasing manager
Taylor Prince,Rodney Turner,andrea14@example.org,184,1,89.16,09/05/2021,54379 Susan Mountains,West Jessica,93322928,"Geneticist, molecular"
Michael Williams,Debra Davidson,donaldespinoza@example.com,158,3,40.3,07/09/1988,649 Miller Forges,Port Kathryn,9315136,Naval architect
Kelsey Wallace,Jennifer Stanley,davidchavez@example.net,189,4,80.31,25/09/1978,82964 King Streets Suite 230,Lake Carol,11817352,Cytogeneticist
Sandra Yates,Timothy Howell,brett06@example.org,111,9,39.46,22/01/1999,47377 Nguyen Rapid Suite 319,Lopezbury,54439559,Software engineer
Matthew Stone,Amanda Nguyen,nramirez@example.com,148,2,26.1,13/01/1984,571 Burnett Knoll Suite 401,East Davidton,79193436,"Biochemist, clinical"
Christine Hurley,Kristin Randall,danielalexander@example.com,187,9,60.89,26/02/2001,53396 Jerry Square,West Kellyfurt,41578148,Prison officer
Matthew Curry,Roger Jones,ellenwalls@example.com,169,2,11.78,19/03/1970,363 Patricia Key,West Aaronville,55365666,Podiatrist
Ronald Rich,Jessica Lopez,barbara24@example.org,155,4,12.43,29/09/2009,82860 Angela Rue Apt. 112,Brandonbury,6668631,Optometrist
Nicole Schmidt,Melissa Allen,imorgan@example.org,111,1,31.75,30/08/2000,765 Smith Harbor,Wadefort,92662872,"Education officer, environmental"
Connie Williams,Rebecca Parsons,lisa99@example.net,109,5,80.23,24/11/1972,2379 Cathy Meadow Apt. 163,Kathleenstad,29910731,Recruitment consultant
John Garrett DDS,Dennis Knapp,dmccormick@example.com,115,1,38.52,18/11/1972,80032 Kirby Springs Suite 141,New Steventon,52906343,"Engineer, materials"
Breanna Guzman,Veronica Martinez,tperez@example.com,108,9,85.1,09/08/1988,980 Mathis Land Apt. 981,Rebeccamouth,79091244,Careers adviser
Shannon Anthony,Tiffany Barajas,kylestuart@example.net,175,8,5.73,17/01/2007,39528 Kim Pass Suite 389,Williamsshire,85563872,Sub
Robert Baldwin,Sarah Hunt,clarkashley@example.net,176,2,50.66,13/06/2000,551 Reed Prairie Suite 562,Lake Sarahbury,50213603,Chief Technology Officer
Jacob Kennedy,Jose Martinez,sbarnett@example.net,163,8,45.89,01/04/1993,3548 Wilkinson Greens Apt. 675,Crystalborough,37352240,Education administrator
Thomas Hayes,Kelly Harvey,kellertyler@example.net,183,4,42.31,13/03/2008,46730 Alexander Meadow Suite 034,Port Joshua,81246458,"Conservator, museum/gallery"
Leah Hernandez,Jacqueline Jones,qsims@example.net,124,6,24.68,24/04/2015,422 James Row Suite 817,Kevinmouth,61875876,Actuary
Dustin Perkins,Jerry Sosa,thomasheather@example.net,142,2,64.31,08/04/2000,7057 Dustin Lodge Apt. 232,Port Randymouth,25597226,"Designer, textile"
Gail Martinez,Charles Briggs,hkelly@example.net,190,8,36.56,19/01/1998,709 Diana Valleys,West Robertshire,47711297,Firefighter
Kathy Moore,Jocelyn Jordan,kayla76@example.net,141,4,52.31,03/03/1997,18268 Lindsay Grove Suite 721,Judyton,35077688,"Editor, commissioning"
Robert Beasley,Kimberly Rodriguez,sandra29@example.net,180,6,14.11,26/07/1975,84526 Catherine Shores Suite 670,Willisfort,82265274,"Education officer, museum"
Crystal Clark,Christine Elliott,andrewfowler@example.net,172,3,50.91,05/09/2007,4901 Smith Villages,Robertstad,49513479,"Scientist, marine"
Carlos Rodriguez,Julie Bryant,jared49@example.net,156,2,22.52,13/12/1984,69387 Christine Prairie,Louisland,99533038,"Engineer, drilling"
Lucas Rose,Donald Davenport,jennamoore@example.org,107,3,63.58,09/01/1991,469 Fischer Parkway,New Jamieland,60061324,Computer games developer
Patricia Harris,Blake Lee,michaelpaul@example.com,108,8,50.58,15/07/1970,6620 Andre Drive,Walkerport,43934638,Waste management officer
Alicia Williams,Thomas Carlson,ecollier@example.com,146,5,37.04,06/06/2015,473 Donna Springs,East Ronald,95708782,Environmental health practitioner
Paul Hughes,Christine Stone,ortizlisa@example.com,120,5,51.8,29/06/1993,23035 John Tunnel Apt. 170,Pageborough,85565685,Building control surveyor
Charles Nelson,Beverly Robinson,michael82@example.com,189,4,49.77,09/06/1989,8447 Daisy Station Apt. 294,East Calvin,88819839,Museum/gallery conservator
Benjamin Maldonado,Aaron Gonzales,knappdavid@example.org,106,2,59.18,12/08/2017,3702 Gill Tunnel,New Nicholastown,46435200,Museum/gallery exhibitions officer
Christy Miller,Danielle Montoya,ginamcmillan@example.net,128,8,50.15,11/02/2010,39893 James Orchard,East Becky,3788509,Insurance broker
Gregory Savage,Ashley Dunn,moralesgregory@example.net,138,6,77.24,07/03/1977,879 Fowler Trafficway,Port Kristinaland,42376,Theatre manager
Yvette Palmer,Cheryl Fowler,fmoody@example.com,138,1,33.55,05/04/2003,496 Davis Ridge,Jamesmouth,34309858,Product manager
Jeffrey Lee,Matthew Edwards,andrewsimmons@example.org,173,4,33.61,17/04/2008,2123 Rodriguez Place,Leefurt,57077994,Advice worker
Justin Ortiz,Timothy Smith,joshuapeterson@example.net,138,4,14.06,06/05/1983,0284 Sean Shore Apt. 250,Matthewsmouth,56340556,Conference centre manager
Christopher Benson,Kristie Hall,smithelizabeth@example.org,129,5,87.58,09/05/1971,7658 Cummings Ways,Jefferyville,28634362,Primary school teacher
Leslie Torres,Hannah Chapman,boyermisty@example.com,176,8,65.05,22/04/1998,033 Moran Ports Apt. 665,Kristymouth,71641089,"Production assistant, television"
Kimberly Butler,Amanda Casey,susanarroyo@example.net,137,6,70.45,24/12/2015,74493 Carson Court Suite 374,Tranfort,74839742,Trading standards officer
Zachary Davis,Edward Lee,ncline@example.org,158,3,60.66,19/12/1971,8683 Richardson Bypass,Lake Jay,76005473,Social researcher
Ms. Nancy English MD,Alexa Bryant,tylerhill@example.com,166,5,46.77,04/09/2019,04276 Drake Heights Apt. 312,Lake David,4408109,Medical illustrator
Justin Poole,Dana Hamilton,amorrison@example.com,145,9,80.59,26/05/2008,574 Mike Prairie,Michelleview,94863079,Forest/woodland manager
Eric Humphrey,Allen Campbell MD,hwalters@example.net,151,6,18.9,08/11/1983,2120 Velazquez Park,North Danielmouth,27038086,"Engineer, manufacturing"
Patricia Mann,Philip Sanchez,charles33@example.com,118,9,74.71,15/01/1997,52749 Lambert Shores Apt. 354,Jerryport,91603722,Pensions consultant
Andrew Williams,Amanda Wright,janicechapman@example.net,111,8,15.99,04/09/1996,29779 Hughes Club Apt. 947,Hernandezland,7765834,Occupational therapist
Micheal Johnson,Janice Townsend,daniel31@example.org,191,5,14.4,20/07/2005,29184 Maria Curve,Quinntown,93707459,Product manager
Charles Ball,Tiffany Howard,ryanmoody@example.net,132,1,8.85,09/12/1975,49674 Cochran Isle,Aaronton,15516046,"Exhibitions officer, museum/gallery"
Chelsea Robinson,Anthony Ashley,lejohn@example.org,158,8,34.74,29/03/1973,288 Jane Path Suite 080,Sarahland,8303,Community education officer
Thomas Green,Douglas Jackson,crosbynicole@example.org,146,7,96.5,01/08/2009,1921 Marc Walk Suite 994,Williamsfort,68274931,Product designer
Joe Carpenter,Kristin Armstrong,jenniferjoseph@example.org,136,7,49.49,30/03/2001,647 Chase Mall,Hayesmouth,31949484,"Engineer, energy"
Rachel Scott,Alexis Myers,james24@example.net,108,5,51.66,10/11/1989,59975 Smith Mount Apt. 534,Sanchezland,19827414,Field trials officer
Roy Parks,Emily Coleman,nhardy@example.net,154,2,94.93,17/03/1990,319 Sanders Coves,Watsonland,99831479,Garment/textile technologist
Alicia Taylor,Megan Lynch,daniel99@example.org,160,1,44.7,26/02/1987,9451 Hayes Plain Apt. 229,Meyerside,23878150,"Scientist, clinical (histocompatibility and immunogenetics)"
Manuel Johnson,Christina Everett,whart@example.com,184,2,18.54,31/01/1993,866 Wolfe Ports Apt. 511,Port Gina,21699504,Fast food restaurant manager
Amanda Jordan,Nicholas Williams,annajohnson@example.com,143,2,7.07,28/02/1972,0238 Alan Plain Suite 793,Brandyshire,5391523,Stage manager
Amber Goodwin,David Foley,kimberly79@example.net,128,2,46.55,02/09/1999,2679 Joseph Cape,West Matthew,87360622,Physiological scientist
Tiffany Patrick,Teresa Hoffman,wdyer@example.net,188,8,31.82,21/11/1980,56163 Wiley Point,Estesside,62137416,Health and safety adviser
Eileen Sims,David Cox,amberbaker@example.com,168,7,89.22,27/06/2015,017 Moore Glen,New Judy,6827656,"Engineer, biomedical"
Kenneth Bennett,Barbara Glass,jdavis@example.net,137,9,22.78,01/11/1977,4287 Hunt Passage,Michaelmouth,88966403,"Education officer, community"
Randall Walker,Christina Ortega,jeremy19@example.org,117,6,70.44,21/10/1976,5515 Kelly Square Apt. 438,Whitneychester,30313514,"Buyer, industrial"
Tabitha Campbell,Kirsten Bell,robin89@example.org,196,3,82.92,01/08/1983,33433 Nelson Causeway,West Tracey,49171266,Film/video editor
Sophia Jones,Austin Gonzales,coxbrady@example.net,189,6,53.45,22/03/1973,08006 Griffin Key Apt. 706,South Codymouth,58677353,Agricultural engineer
Jennifer White,Jeffrey Lee,jason93@example.org,155,3,40.92,03/01/1987,9331 Raymond Fall Suite 979,South Danny,52552755,"Research officer, political party"
Robin Wilcox,Melissa Brown,kristie75@example.net,119,9,90.33,07/01/2017,604 Walter Ports Suite 764,Donaldview,36475506,"Merchandiser, retail"
Chad Landry,Brandon Walker,asanchez@example.org,145,5,9.48,26/07/2002,8193 Mark Well Suite 012,Thomasburgh,95438146,Broadcast presenter
Kendra Martin,Edward Patel,floresmatthew@example.com,168,6,95.89,23/08/2006,76784 Keith Cliff Suite 225,West Alexander,52451881,Commercial art gallery manager
Denise Torres,Chelsea Morgan,christopher57@example.org,141,3,80.52,31/07/2000,67960 Richard Station,Port John,60858313,"Therapist, horticultural"
Kim Wright,Natalie Roberts,richardellis@example.net,116,6,28.35,31/03/2019,50807 Samantha Shores,Teresamouth,69618826,Chartered legal executive (England and Wales)
Jacob Cordova,Sarah Smith,odurham@example.net,153,5,56.46,09/01/1985,18301 Latoya Mission Suite 714,South Ashleyborough,18784640,Publishing copy
Elizabeth Berger,Lisa Gaines,gentrypatricia@example.com,145,4,52.62,08/11/1977,31438 Johnson Plaza Apt. 331,Port Daniel,7659164,Higher education lecturer
Erin Berry,Veronica Powers,wilsondavid@example.net,103,8,94.11,26/05/1986,6528 Vaughan Bypass,North Brandonmouth,51649654,"Education officer, museum"
Joel Johnson,Mario Wolfe,vjohnson@example.net,152,4,16.8,24/01/2002,46150 Jones Lakes,Paulberg,37103873,Orthoptist
Dale Miller,Troy Oconnell,marshdaniel@example.net,121,1,66.4,22/02/2006,9049 David Burgs,Lake Joshua,96800447,Public affairs consultant
James Murray,Kelsey Peters,dustin37@example.org,174,7,27.88,21/03/1976,28285 Reed Tunnel,East Margaret,45776953,Mental health nurse
Jason Adams,Andrew Diaz DDS,sdavis@example.org,150,7,74.01,09/03/1990,209 Corey Orchard,Romanborough,39072719,"Therapist, music"
Ashley Robinson,Kristin Young,stephanie81@example.net,103,2,72.1,29/11/1972,95095 Emily Spurs Suite 694,Montgomerytown,41034507,Chartered accountant
Elizabeth Bolton,Nicholas Cervantes,arnoldbrady@example.net,154,6,30.72,10/12/1999,425 Roberts Field,Diazside,39708038,Astronomer
Christina Barber,Debra Henderson,crystalroberson@example.org,102,3,22.14,15/12/2005,2228 Ian Station Apt. 932,West Jessica,43134168,IT sales professional
Alyssa Lin,Andrew Mclaughlin,flindsey@example.net,136,1,26.03,22/11/2003,047 Derek Mews,East Jeffrey,71221434,Systems analyst
Julie Brown,Chase Morris,tylerdaniel@example.com,164,8,30.72,07/07/1999,4961 Kimberly Garden Suite 461,Changville,77844156,Hospital doctor
Caitlyn Estrada,Alyssa Navarro,kylepeters@example.com,189,7,64.96,03/10/2017,865 Cameron Spur Suite 581,New Davidton,61063365,Cytogeneticist
Jamie Conner,Jacqueline Flores,stephen61@example.com,160,3,45.9,03/05/1984,7839 Andrea Roads,North Guyshire,90978463,Chiropractor
Corey Moore,Rebecca Weaver,emilybuchanan@example.org,161,3,6.53,14/03/1999,4637 Elizabeth Summit,South Lisa,23553026,"Biochemist, clinical"
Darlene Adams,Howard Davis,cmoore@example.org,109,7,83.96,22/08/1981,652 Dalton Gardens,Christopherfurt,61281752,"Physicist, medical"
Lisa Johnson,Jason Cooke,murraysavannah@example.com,114,7,28.78,09/11/1976,702 Barber Lake Suite 304,Johnsonview,41012383,Mental health nurse
Marissa Sullivan,Deborah Jackson,andreacooley@example.org,119,2,18,17/09/2015,7957 Stephen Mountains Suite 327,Parkertown,61394957,Paediatric nurse
Gregory Shepard DDS,Spencer Martinez,uhenderson@example.net,190,8,6.19,16/06/1972,218 Joyce Groves,Port Janettown,98141180,Dance movement psychotherapist
Ricardo Bradshaw,Jonathan Sims,carl02@example.net,190,8,56.56,26/03/1986,00444 Hogan Summit Suite 943,Douglasbury,47461086,"Engineer, broadcasting (operations)"
Andrew Murphy,Clifford Daniels,jeffrey23@example.net,118,4,15.45,05/12/2019,933 Perkins Knoll,Rodriguezville,29387366,"Engineer, agricultural"
Jill Riggs,Gregory Edwards,rmoore@example.com,108,5,41.69,06/06/2016,2645 Patrick Flat Apt. 151,Millerfort,18163384,Legal executive
Cheryl Berry,Norman Phillips,sandra54@example.com,156,8,93.72,19/07/1989,05675 Ramos Mall Apt. 918,West Selena,26447995,Publishing rights manager
Caitlin Keller,Peter Patterson,lisacraig@example.net,111,3,73.28,04/07/1981,51776 Tammy Mountains Suite 605,Deniseborough,12466405,Clothing/textile technologist
Ashley Green,Gary Rodriguez,bryanjessica@example.com,145,8,64.68,25/10/1987,6491 Gibbs Extension,East Frank,50241125,Computer games developer
Ethan Adams,Kyle Ross,lisamantha@example.org,163,8,76.44,08/08/1975,95584 Brewer Creek,Port Lawrence,83392443,"Conservator, museum/gallery"
Christine Hendrix,Tracey Rodriguez,samanthamurray@example.com,152,9,92.99,12/08/1980,45457 Day Vista,North Samantha,47360143,Ceramics designer
Toni Medina,Linda Mclaughlin,casey63@example.com,120,6,35.18,16/05/1993,8038 Rebecca Manors Apt. 695,Debbiebury,55218993,Information systems manager
Nicholas Cisneros,Ashley Wood,alexanderstacy@example.net,128,7,12.55,10/02/1987,369 Gary Mountain Apt. 845,Tracytown,41444139,Maintenance engineer
Jennifer Johnson,Kenneth Bradshaw,ymoore@example.net,122,9,99.47,23/08/1978,734 Dennis Mill,South Danielside,77505033,Video editor
Patricia Hill,Joseph Decker,kellywoods@example.net,102,3,25.69,29/06/2007,8951 Moore Street,North Johnfort,37262082,Investment analyst
Cheryl Hunt,Javier Nguyen,camerondavis@example.com,143,8,98.25,12/08/2016,5892 Wheeler Estates Suite 696,Charlesborough,70992359,Historic buildings inspector/conservation officer
Christian Smith,Richard Flores,daniel43@example.org,174,4,47.63,26/01/1993,10459 Jackson Mountain Apt. 555,Nathanland,3369685,"Education officer, community"
Christine Gonzales,Lydia Jacobs,porteredward@example.org,163,4,56.13,27/11/2011,9251 Mccormick Curve Apt. 391,Kimberg,37599362,"Psychotherapist, child"
Daniel Gibson,Michael Valencia,thomashaynes@example.com,182,5,55.9,22/10/1988,2684 Matthew Isle,Alvaradohaven,66800019,Production engineer
John Flores,Jerry Sanchez,jacquelinearias@example.org,144,3,49.13,13/01/1992,88386 Garcia Expressway,New Joshuatown,98990665,Advertising art director
Christina Martinez,Mrs. Karen Bennett,donald94@example.org,131,6,28.43,25/10/1996,99378 Li Glens Apt. 689,Robertfort,98506446,Occupational therapist
Meredith Price,Keith Crosby,tatesarah@example.net,172,4,64.94,24/06/2002,3129 Garcia Plaza,Oscarshire,60628954,Heritage manager
Derek Dean,Curtis Williamson,joseph50@example.net,156,2,35.09,20/07/1982,784 Michael Pike Suite 880,Maxwellhaven,64496467,"Scientist, water quality"
Amanda Willis MD,Carolyn Pierce,floreseric@example.com,136,7,30.47,12/10/2005,381 Patton Vista Suite 981,Susantown,64331157,"Engineer, biomedical"
Randy Peterson,Amy Garcia,melanie96@example.org,171,5,19.03,30/03/1973,86366 Paige Mills,Port Taylor,28558750,Chartered public finance accountant
Henry Gomez,Ann Lloyd,amybrown@example.org,126,3,22.78,20/04/1992,1411 Tracy Heights Apt. 890,South Derrickmouth,68469818,Economist
Katherine Tucker,Natalie Reilly,bschwartz@example.com,104,4,99.85,02/11/2002,8175 Garcia Course,West Erintown,28225713,"Producer, radio"
Todd Hayes,Janet Patrick,rtaylor@example.net,116,3,78.03,07/05/1984,68824 Stephanie Rest Suite 883,East Veronicaton,11621294,Environmental manager
Benjamin Brown,Wesley Anderson,uglover@example.org,141,8,22.83,05/07/1976,3592 Rachel Extensions Suite 519,East Brentmouth,3807019,Printmaker
Sean Robinson,Dale Martinez,crobinson@example.com,189,2,23.2,03/10/1992,987 Ruth Shores,Port Michael,46700247,Public relations account executive
Wendy Scott,Michael Rivera,joshua90@example.org,189,9,10.82,04/01/1999,29866 Seth Crossing Suite 490,East Hannah,14391613,"Conservator, museum/gallery"
David Torres,Derek Barker,kmorgan@example.com,122,3,39.06,09/11/1998,16034 James Junctions Apt. 067,Garyland,31063364,Logistics and distribution manager
Michael Lee,Daniel Hall,justinmiller@example.net,187,9,56.3,08/05/2002,6989 Sullivan Ville,New Rileychester,406697,Lawyer
Shane Baker,James Pennington,kbarnes@example.org,167,8,61.63,10/03/1978,04347 James Cove Suite 570,Port Paulfurt,17301589,Community pharmacist
Amber Petty,Laura Porter,kristiegiles@example.org,169,8,31.86,25/01/2012,970 Anthony Throughway,Jessicaberg,70832747,Publishing rights manager
Julie Short,Angelica Thomas,hsoto@example.com,136,4,27.92,08/06/1977,2418 Hodges Wells,New Amandaland,8081797,"Development worker, international aid"
Cindy Anderson,Jonathan Nguyen,pparker@example.org,105,4,30.3,29/06/2004,1418 Jerome Plaza Apt. 283,East Colleen,40520063,Intelligence analyst
Jessica Pena,Sherry Contreras,leroy89@example.net,161,4,13.7,23/03/1994,51056 Steve Lakes,North Danielborough,95365688,"Nurse, children's"
Amanda Barrett,Julie Jefferson,tanyasanchez@example.org,102,6,33.5,20/10/2003,072 Wilson Village Suite 271,Heatherville,1031294,Science writer
Charles Nichols,Douglas Vaughn,elizabethchavez@example.com,103,8,92.92,26/07/2012,5010 Elizabeth Isle,Armstronghaven,48183109,Landscape architect
Dean Garrison,Edward Wilcox,colleenanderson@example.net,102,8,73.48,21/05/1978,20373 Mckinney Grove,Lake Kevin,29235100,Local government officer
Barbara Taylor DDS,Amanda Vang,rebecca24@example.com,181,3,73.2,28/03/1989,868 Patel Unions Suite 010,Port Josephview,50692224,Teaching laboratory technician
Carlos Houston,Chad Jordan,kara02@example.org,135,6,21.75,18/02/1983,4077 Chris Meadows,New Darrylmouth,232555,Therapeutic radiographer
Amy Garner,Jennifer Jones,christinacastillo@example.com,137,3,38.42,29/06/2003,23981 Sarah Extensions Apt. 881,Campbellside,6983758,"Engineer, electrical"
Rachel Wilkins,Kimberly Sullivan,desireevargas@example.net,120,8,97.96,07/02/1978,66596 Lisa Locks Apt. 203,Mitchellville,24488440,Magazine features editor
Christopher Diaz,Eric Taylor,victoriawood@example.org,107,3,39.57,23/08/2001,3412 Sexton Island,Lake Sharonmouth,50368136,"Designer, textile"
Jason Fletcher,Allison Wilson,williamsanna@example.net,191,2,72.21,08/02/1989,852 Julie Vista Apt. 948,East Kelsey,82678081,"Chemist, analytical"
Jeffrey Higgins,Patricia Wall,dukekendra@example.net,167,3,44.25,23/01/2021,85801 Stephanie Divide Suite 250,Karinaburgh,59556954,Recycling officer
Gabriel Johnson,Debra Cunningham,mark01@example.org,178,1,21,02/10/2007,42174 Jason Landing Suite 823,East Debbiehaven,2143767,"Copywriter, advertising"
Patrick Andrade,Laura Marsh,robert10@example.com,194,6,36.42,17/03/1970,7871 Richardson Cliffs Suite 859,North Mikeland,86781367,Ecologist
Michael Williams,Victoria Stewart,westmike@example.org,125,3,66.49,24/10/1977,458 Cooper Junction,Adamport,71015606,"Designer, jewellery"
Richard Stewart,Christopher Mooney,tjohnson@example.net,123,5,40.81,05/01/1987,479 Sandoval Union Apt. 923,Thomasfort,85951341,Licensed conveyancer
Rachel Santiago,John Garcia MD,orivera@example.org,144,7,72.01,28/05/1987,8149 Tiffany Curve,West Anneland,95641065,Paediatric nurse
Jennifer Williams,Julie Gray,herreraamanda@example.com,165,9,6.52,02/11/1999,415 Meyer Inlet Apt. 978,North Laurafurt,53491152,Local government officer
Kelly Garcia,Jessica Wolfe,seandavenport@example.com,111,2,47.46,21/10/1978,9931 Jennifer Summit Suite 469,Weeksfurt,62893794,Counsellor
Brenda Rojas,Haley Walters,xjohnson@example.net,187,4,33.81,07/03/2011,02161 Booker Turnpike,Brianberg,49208979,Water quality scientist
John Watts,Laura Washington,brittanynguyen@example.org,184,9,96.17,05/10/2014,93868 Jones Harbors,Crystaltown,33884240,"Designer, exhibition/display"
Jessica Howard,Daniel Mcpherson,bullockadam@example.net,159,2,40.7,29/10/1999,546 Sutton Road Apt. 574,South James,4528241,Quarry manager
Stacy Young,Randy Medina,oowen@example.net,109,4,12.86,14/06/2010,4292 Sanders Park,Torresshire,64966151,Tax inspector
Lucas Reyes,Adam Singh,zjenkins@example.com,169,4,23.47,03/05/1975,0741 Hoover Lock Suite 218,Lake Matthewchester,14098284,Jewellery designer
Mindy Howell,Alexis Hernandez,debbie56@example.com,176,8,68.13,07/11/1973,8622 Travis Groves,Danielshire,69180149,"Designer, blown glass/stained glass"
Marie Franklin,Joseph Roberts,brent77@example.net,130,3,72.16,11/06/1984,72748 Dominguez Branch,Emilyton,43331031,Field trials officer
Mark Watts,Nancy Mathis,johnsrichard@example.com,151,8,30.97,24/09/1988,6421 Johnson Corner Suite 428,Jillville,44673079,Radio producer
Ashley Foster DDS,Kyle Soto,mcgeetina@example.org,118,1,86.94,18/01/1986,139 Stewart Shore Suite 016,Perkinsberg,27776612,Chemical engineer
Benjamin Little,Katelyn Paul,jennifer33@example.com,125,6,76.52,22/04/1977,9443 Alison Light Apt. 564,North Joseph,5537969,Insurance broker
Tammy Sullivan,Billy West,mike55@example.org,142,5,12.41,29/10/1973,823 Ford Shores,North Benjaminbury,20851422,"Journalist, magazine"
Sierra Lopez,Jonathan Curry,sarah74@example.org,110,1,57.28,11/08/2016,42116 Tracey Ports,New Mark,66526278,Chartered certified accountant
Kyle Wilson,Shawn Barton,gdiaz@example.net,182,3,29.77,22/01/2008,57417 Carter River,Lake Austin,22483720,Geophysical data processor
Donald Ramirez,Patrick Wiley,joe06@example.net,137,7,53.68,27/08/1972,970 Murphy Knolls,Meredithborough,18446272,"Designer, jewellery"
Christina Miller,Michael Williams,james30@example.org,149,7,88.45,04/01/1984,3326 Peterson Forest Suite 428,New Richardmouth,96678145,Set designer
Lisa Long,Jennifer Norman,davispatricia@example.net,136,7,14.91,25/10/1997,425 Jennifer Cliff,South Joshuamouth,59858591,Games developer
John Webb,Ashley Massey,clayton97@example.org,156,7,74.62,09/06/1993,4422 David Trafficway,Wilsonshire,13915773,"Surveyor, building control"
Kevin Knight,Sean Riddle,bryantjennifer@example.net,179,7,74.06,18/07/2019,622 Melissa Walks Apt. 217,North Robert,71746746,Social researcher
Darrell Pace,Angela Drake,carlos65@example.org,151,4,8.47,18/01/2015,5616 Krista Roads Apt. 263,Michaelaland,89278741,Retail buyer
Sarah Clark,Michael Underwood,kimberlymitchell@example.com,110,6,34.77,28/11/2018,55034 Clay Keys Apt. 675,Lake Jonside,67859139,"Teacher, English as a foreign language"
Lisa Daniels,Tom King,smithaaron@example.org,143,6,8.8,14/04/2006,387 David Expressway,Christophertown,70568332,Operational investment banker
Michael Merritt,Randy Cummings,freyeduardo@example.net,178,6,24.59,15/06/2004,942 Dillon Rest,Combsland,13454821,"Accountant, chartered certified"
Juan Ortiz,Christian Proctor,robertsonronald@example.net,136,4,50.52,09/04/1979,2732 Gross Village Apt. 460,South Williamland,13035969,Mechanical engineer
Abigail Chen,Kevin Scott,xroberts@example.net,181,8,76.5,29/12/1989,5178 Brown Shoals Suite 805,Rogersport,43314133,Metallurgist
Michael Boyd,Jeremy James,savannahdiaz@example.org,184,7,51.02,05/03/2018,66143 Alyssa Roads Apt. 630,Port Nancy,45023699,"Conservator, furniture"
Angel Benitez,Janice Williams,wsweeney@example.net,188,5,70.09,25/04/1999,44856 Amanda Rest,Nicholasburgh,66327318,"Teacher, music"
Corey Barnes,Jordan Lewis,hollowaybrandon@example.org,138,8,84.96,19/06/1977,5171 Walton Plaza Apt. 467,East Kurtland,68781842,Outdoor activities/education manager
Lindsay Davis,Paul Nguyen,dalenoble@example.com,110,6,79.07,12/07/1991,6021 Todd Springs Suite 170,Jamesstad,13631932,Video editor
Jessica Henderson,Chad Miller,jameslowe@example.net,124,3,5.06,15/04/2008,319 Rebecca Loop Suite 985,Schneidermouth,23645721,Chief of Staff
Kimberly Johnson,Cathy Herrera,destiny46@example.org,173,4,77.37,30/09/1988,35233 Padilla Walks,Katherinefort,80964360,Medical technical officer
Brent Espinoza,Andrew Edwards,saragonzalez@example.com,175,7,86.04,20/05/1972,771 Andrew Trace,Haydenmouth,45010781,Estate agent
Hannah Duke,Dennis Mendoza,johnross@example.net,167,2,41.39,11/11/1974,1112 Ortiz Summit Suite 784,South Tiffany,85938328,Site engineer
Mrs. Kristen Middleton,Mr. Patrick Cantu,james73@example.org,168,3,80.88,16/08/1993,7384 Ian Circles,Thompsonfurt,77771339,Colour technologist
Sandra King,Todd Murphy,conradmark@example.org,193,9,57.45,21/04/1988,07385 Long Island Suite 524,New Davidville,30667617,Agricultural consultant
Mrs. Rachel Johnson,Evelyn Perez,shawnaward@example.org,156,1,56.91,10/02/1984,1139 Holloway Ford Suite 458,New Christopher,19734392,Manufacturing systems engineer
Carmen Thompson,John Martinez,egomez@example.org,191,5,26.77,16/06/1975,418 Potts Forges Suite 355,Kristiville,23297388,Public affairs consultant
William Allen,Colleen Taylor,sawyernathan@example.com,133,2,31.75,17/01/1978,652 Margaret Lane,Brandonfurt,55452953,Lexicographer
Andrew Thompson,Jose Hudson,ybrown@example.net,199,1,59.2,05/12/2021,5184 Aguirre Stream,West Micheal,71400747,Operations geologist
Sharon Davis,Tracy Li,rrobertson@example.com,179,3,57.86,27/05/2003,876 Patricia Valley Suite 573,Lauraton,9816657,Academic librarian
Michael Hays,Philip Stokes,melissarodriguez@example.net,191,2,13.41,30/01/1972,5261 Allen Place,Blackburnstad,3837382,Research scientist (maths)
Kristi Michael,David Smith,heather25@example.org,166,3,22.76,06/04/1973,4902 Harris Lakes Suite 454,New Marisamouth,9934788,Health and safety adviser
Valerie Brandt,Derrick Wilson,smithchristopher@example.net,148,5,66.63,22/04/1989,7895 Shannon Alley Suite 044,Jonestown,18386097,"Engineer, mining"
Wendy Johnston,Laura Myers,williamskenneth@example.org,127,6,87.59,19/08/1984,7833 Michael Corner,East Paulmouth,48182393,"Journalist, newspaper"
Sarah Carter,Michelle Wang,christinavaughn@example.org,165,9,34.63,07/05/2005,4168 Angela Point Suite 368,Tinachester,48104456,"Scientist, research (medical)"
Jacob Mora,Melissa Thomas,gomezjennifer@example.com,164,3,60.11,19/07/1991,340 Little Wells Apt. 442,East Carlosmouth,11880882,Paediatric nurse
Alec White,Kristina Wilson,ariana04@example.net,166,8,65.74,18/05/1997,05111 Kelley Rapids Suite 624,Port Amber,28476306,Lexicographer
Lisa Torres,Anthony Parker,greenjoshua@example.org,135,9,66.64,17/10/2003,32889 Lisa Turnpike Suite 164,Port Tiffanystad,54732896,Art gallery manager
Robert Clark,Mary Mason,byrdjonathan@example.org,125,3,23.35,04/10/2008,47493 Davis Glen,Leetown,39662231,Trade mark attorney
Kimberly Davidson,Joseph Henderson,cheryl91@example.net,183,3,8.49,14/12/2007,2474 James Village,East Melvin,29435265,Arts administrator
Stephen Bradley,Corey Hayes,williamsmargaret@example.com,118,4,56.44,04/05/2016,6974 Jones Vista Apt. 743,Port Harold,93044875,"Education officer, museum"
Richard Wells,Jacqueline Gutierrez,andrewmccoy@example.com,181,5,62.7,07/10/2009,825 Gomez Rapids,West Patrick,99224868,"Administrator, education"
Charlotte Gonzalez,Brenda Giles,christophersmith@example.com,115,7,72.59,29/01/1987,099 Anthony Islands Apt. 811,Cindyview,262965,Legal secretary
Jennifer Ryan,Joy Lin,elizabethharris@example.org,144,6,88.02,11/01/1978,314 Williams Alley,Taylorville,93425636,"Scientist, forensic"
Amy Walker,Whitney Johnson,sthompson@example.net,189,2,76.08,17/08/2015,29776 Robert Run Apt. 364,Staceyburgh,34815168,"Lecturer, further education"
Joshua Johnson,Aaron Clark,pcosta@example.org,189,2,70.95,10/08/1982,585 Fischer Underpass Suite 535,North Paulfort,76716287,Theme park manager
Jose Miller,Eric Collins,nicole66@example.net,153,9,70.23,05/07/1976,5835 Jennifer Turnpike,East Elizabeth,11661504,"Nurse, mental health"
Timothy Hicks,James Key,olester@example.net,184,4,7.18,05/01/2009,849 Duncan Highway,Moodytown,82993993,Tour manager
Sarah Oliver,Jackson Clark,john48@example.com,197,5,28.01,11/11/1989,799 Mikayla Freeway Suite 311,North Crystalmouth,30448179,"Horticulturist, amenity"
James Brown,Thomas Marks,susan62@example.org,144,1,68.69,01/12/1983,07450 Payne Glens Suite 725,Grahamshire,3849927,"Programmer, applications"
Alexis Moore,Katherine White,crystalaguilar@example.org,153,7,23.08,02/02/1990,9092 Leonard Mount,Youngtown,21381003,Data processing manager
Lisa Stevens,Karen Martin,lchristian@example.net,196,2,44.7,05/04/1997,702 Waters Manors,Lake Darren,18416206,Social worker
Melissa Mason,Ronald Wilson,wwarren@example.com,108,9,90.44,29/09/1997,516 Matthew Squares Apt. 423,Port Kimberly,62570299,Patent examiner
Austin Oliver,Robert Hernandez,craig75@example.net,147,3,21.22,18/02/2021,9582 Delgado Loaf,West Richard,83432675,Management consultant
Janice Anderson,Dr. Nicholas Keith,cesar40@example.org,132,5,98.9,22/02/1990,1043 Michelle Camp,Derekbury,16513549,Optometrist
David Johnson,Jennifer Rogers,brownryan@example.org,182,8,26.71,10/06/1972,968 Eric Station,Mcbrideport,88641959,"Surveyor, planning and development"
Ryan Hernandez,Amber Watts,blake25@example.com,132,2,43.11,11/02/2010,801 Graham Passage,North Daniel,79778268,"Scientist, research (maths)"
Meredith Howe,Victor White,castillomatthew@example.com,107,7,39.59,22/12/2016,0285 Cannon Isle Suite 536,Pamelahaven,67399062,"Surveyor, building"
Zachary Odom,Nathaniel Kelley,yhood@example.org,196,5,65.88,25/10/1984,708 Michael Station,Christophermouth,2959948,Stage manager
Melissa Hansen,Kristine Cobb,qjefferson@example.org,118,3,38.19,03/05/2004,38936 Shaun Pass Apt. 491,Lake Richardmouth,6474850,Theatre manager
Angela Ayala,John Long,milesjason@example.com,139,4,55.07,02/01/1993,91775 Duran Plaza,New Suzannemouth,86049764,Building control surveyor
Kevin Hughes,Xavier Schultz,angelabryan@example.com,161,8,72.41,29/05/1995,4913 Pace Loop Suite 136,Garciaview,94917178,"Engineer, civil (consulting)"
Eric Haas,Justin Chen,ashleyharvey@example.net,161,1,35.6,02/10/1983,90691 Leslie Springs,East Luis,69965630,Freight forwarder
William Johnson,Anna Harris,murphyphillip@example.net,154,9,57.3,16/06/2013,381 Shannon Ports Apt. 726,South Sandrashire,46645555,Immigration officer
Jason Gray,Madison Martinez,melanielong@example.org,146,7,64.87,03/01/1982,53282 Jeffrey Wall Apt. 579,West Melanie,92782501,Civil Service fast streamer
Dr. Hannah Hicks,Andrea Johnson,jonesjennifer@example.com,199,3,56.19,13/09/2021,42372 Perez Vista Apt. 720,Heatherburgh,70275650,Dispensing optician
Dr. Michael Baxter,David Hill,johnnguyen@example.net,103,2,29.36,25/02/2006,11380 Hayley Villages Apt. 627,Robertshire,90859205,Insurance risk surveyor
Amber Townsend,Casey Lopez,joseph11@example.org,165,2,68.9,05/09/1986,78585 Bond Shores Apt. 571,Avilatown,29399345,"Scientist, clinical (histocompatibility and immunogenetics)"
Steven Hill,Bryce Rodriguez,eric07@example.org,130,1,97.24,25/06/1993,2171 Russell Forest Apt. 181,Lake Kelly,52565526,Art gallery manager
William Floyd,Jacqueline Dean,thompsonevelyn@example.com,199,1,90.62,13/04/2013,34580 Patterson Courts,Kayleeville,63623581,"Lecturer, higher education"
Richard Gutierrez,Brenda King,sbrown@example.com,142,2,87.13,09/07/1978,1515 Cook Loop,Rodriguezfort,94628784,Television/film/video producer
Danielle Bennett,Rhonda Parker,pamela25@example.com,184,6,98.98,19/05/2002,153 Smith Fords Suite 821,South Samuelland,38363764,Counselling psychologist
Dominic Christian,Tiffany Allison,fwyatt@example.org,186,5,99.8,14/11/2017,5248 Dustin Burg,Bernardland,73078739,Dance movement psychotherapist
James Roberts,Aaron Roberts,hudsonlawrence@example.net,107,4,77.42,09/09/2006,8907 John Extension,Kendraview,96680216,Government social research officer
Scott Willis,Gerald Thomas,rebeccanguyen@example.net,143,4,5.29,18/10/1984,61570 April Highway Suite 466,North Cynthia,49111132,"Chemist, analytical"
Nancy Hurley,Jasmine Mcdonald,crawfordtheresa@example.org,154,1,74.62,31/08/1997,4700 Allen Ports,Michaelport,88310022,"Teacher, English as a foreign language"
Dawn Moore,Michelle Solomon,jimmy51@example.net,159,3,87.56,11/02/2003,83911 Ramirez Ports,Randyport,47107991,Exhibition designer
Sue Carter,Ryan Banks,yeseniamoore@example.org,193,2,10.84,29/08/2003,1681 Diane Cove,Lake Katelynborough,91488039,"Psychologist, occupational"
Scott Sims,Misty Gentry,kristinstuart@example.net,124,3,26.57,20/01/1980,11206 Tanya Centers Apt. 587,New Annette,31600712,Sports therapist
Andrew Sanders,Philip Lewis,kayla82@example.net,153,5,54.24,26/07/2011,325 Shaw Ford,Garzamouth,8567611,Fish farm manager
Troy Jarvis,Mark Rose,tony67@example.net,103,8,83.23,13/11/2018,55571 Travis Roads,Harrystad,19583471,Operations geologist
Timothy Hansen,Eric Martinez,jeremy57@example.net,180,3,71.74,03/05/2015,9583 Patricia Falls,Loweview,9211346,Farm manager
Jennifer Hamilton,Theresa Matthews,vhawkins@example.net,188,1,81.3,31/10/1994,662 Vega Ford,Amandaport,15460493,Engineering geologist
Michael Branch,Diana Dennis,jay86@example.net,164,8,11.02,13/01/1986,538 Susan Manor,East Ryanchester,74935055,Product/process development scientist
Destiny Bird,Charles Santos,brian18@example.org,143,7,10.45,18/11/2019,0980 Karen Passage,Jameston,77087027,Commercial/residential surveyor
Todd Perez,Henry Roth,transuzanne@example.net,163,2,63.68,16/05/1988,5942 Chang Road,Chadbury,22193131,Rural practice surveyor
Matthew Smith,Carla Walters MD,sheajessica@example.org,181,4,71.09,25/07/1995,0309 Charles Stravenue Apt. 307,Port Thomasport,1629156,Biomedical engineer
Chelsey Ferguson,Madison Greene,lori21@example.com,110,4,67.27,20/08/1984,380 Elizabeth Harbor Apt. 410,East Robert,8834492,Technical sales engineer
Stephanie Hall,Kristen King,woodcrystal@example.net,123,3,78.09,15/11/1983,52009 Shannon Road Suite 565,East Meganside,57405780,"Engineer, civil (consulting)"
Russell Bryant,Suzanne Williams,carrillomatthew@example.org,133,2,91.9,03/05/1993,685 Hannah Ranch,Ashleyborough,61987920,Chief Marketing Officer
Caroline Lutz,Jonathan Conner,joseph26@example.com,144,6,38.67,25/01/1998,1377 Zavala Fall,Port Savannahland,10258187,Health visitor
Mrs. Karen Shelton,Julia Evans,carlos01@example.net,141,7,71.8,20/02/1997,0613 Smith Corners,West Benjaminview,7895913,Product/process development scientist
Richard Conley II,William Mason,collinsmichael@example.com,188,7,64.79,16/01/1973,068 Price Grove Apt. 292,Anthonyhaven,75444525,"Geologist, wellsite"
Elizabeth Smith,Stephanie Williams,ihenderson@example.org,132,1,5.44,06/06/2013,5294 Jordan Mountains Apt. 273,Johnstonchester,40095646,Pathologist
Michelle Greene,Michael Daniels,juliasanders@example.org,176,3,23.56,28/02/1997,807 Ryan Forge,Howardside,92004900,"Development worker, community"
Paula Melton,Shelby Pham,laurenwilliams@example.com,167,6,60.49,30/10/1977,4467 Samantha Garden Suite 377,East Amanda,22356314,Careers adviser
Yolanda Nelson,Stephen Williams,stevenstanley@example.net,137,4,21.05,27/11/1986,1152 Cynthia Orchard,Kimberlystad,69766169,"Lecturer, higher education"
Dana Tapia,Cassie Johnson,estrickland@example.com,167,3,48.23,06/02/2020,51079 Russell Tunnel Apt. 337,Lake Catherine,58571125,Chartered accountant
Mr. Bobby Hernandez,Jeanette Franklin,michael75@example.net,195,1,37.3,21/02/2011,89200 Harper Squares Suite 868,Lake Shawn,68859732,Analytical chemist
Amy Mooney,Adam Rowland,clintonleblanc@example.net,100,3,10.99,16/12/1987,4894 Ashley Underpass Apt. 911,Chasefurt,26541778,"Therapist, occupational"
Ronald Arnold,Hannah Davis,psmith@example.org,165,8,18.05,23/02/2020,924 Theresa Vista,North Elaine,57476759,Holiday representative
Krystal Leonard,Natalie Edwards,fjones@example.org,112,6,35.11,08/12/2014,358 Christine Dale Suite 365,East Patrick,71597188,"Education officer, museum"
Elizabeth Ferguson,Eric Jones,joshua04@example.net,196,9,72.05,12/09/1982,051 Taylor Hills,South Andrewtown,88486802,Air traffic controller
Melissa George,David Shepherd,maryfrazier@example.com,123,5,25.72,09/08/1996,178 Shannon Locks,Aprilland,29314300,Maintenance engineer
Anthony Blair,Gabriel Krueger,jennifer57@example.com,179,9,41.07,10/10/2011,4007 Price Shores Apt. 254,Port Debra,20702731,Homeopath
Mary Harding,Bryan Watkins,travis59@example.net,165,5,70.01,29/07/2021,55511 Rodriguez Crest,Lake Lisa,65820384,Theatre director
Kelly Brown,Christina Wise,dgarrett@example.com,133,2,11.48,30/06/2013,38256 Michele Via Suite 805,South Janetstad,48722223,"Designer, fashion/clothing"
Veronica Griffin,Mary Rose,logananthony@example.com,139,3,24.63,03/04/1998,3692 Adams Station,Pollardbury,52150616,Building services engineer
Maurice Taylor,Bonnie Mitchell,jacksonanthony@example.org,167,6,18.53,29/08/1993,3261 Duncan Plaza Apt. 931,Jonesborough,39155146,"Psychologist, sport and exercise"
William Tran,Kaitlin Perez,timothy42@example.net,150,9,49.66,24/12/2008,27737 Logan Groves Apt. 552,Andrewborough,66776253,"Designer, exhibition/display"
Edward Rubio,Nicole Fox,zachary59@example.net,163,7,60.05,21/06/2009,17522 Jerry Roads,East Destiny,28007111,Travel agency manager
Angela Webb,Melissa Murphy,danarivera@example.com,135,6,6.51,18/12/1989,9063 Emily Ford Suite 980,South Michelle,81699056,Technical sales engineer
Brian Martinez,Mary Smith,bridget34@example.org,196,2,67.97,28/11/2009,688 Lisa Coves Apt. 305,Josephburgh,82025687,Best boy
Steven Ponce,Richard Cook,julia42@example.com,169,4,53.12,02/09/1975,9168 Christensen Pine,Maysside,68921996,Child psychotherapist
Tammy Ingram,Lindsey Neal,lindastevens@example.org,127,2,69.23,28/06/1991,420 Katie Union,Houstonborough,61607576,Actor
Mark Mcmillan,Leslie Gonzalez,bellmario@example.net,191,5,70.21,27/03/2011,7293 Jonathan Streets Suite 486,East Johnmouth,52894725,Medical illustrator
Mary Patterson,David Miller,kevinherring@example.org,158,4,75.2,07/08/1986,59582 Cory Alley,East Melissa,63569551,"Engineer, manufacturing systems"
Kimberly Morrison,Darren Daniels,sjones@example.com,131,6,38.21,09/11/2011,424 Marie Shoal,West Kenneth,34092361,Community education officer
Ellen Melendez,William Murray,bmcdaniel@example.net,137,8,19.67,08/02/1986,901 Collins Row Apt. 471,South Hannah,37730536,Community pharmacist
David Armstrong,Daniel Rodriguez,nneal@example.net,168,1,86.41,01/01/1994,39917 Robert Village Suite 092,West Gabrielle,96679104,"Copywriter, advertising"
Laura Tate,Daniel Price,elizabethandrade@example.net,195,7,74.18,13/06/1983,033 Lewis Orchard,Evansmouth,9122796,Phytotherapist
Breanna Escobar,Joseph Johnson,randyallen@example.net,191,8,76.81,21/07/1991,6733 Fox Prairie,Taratown,54071490,Ergonomist
Jose Ramos,Joseph Stewart,wilkinsoncasey@example.org,185,3,27.53,18/08/2000,153 Crystal Pike,Goodwinshire,65122884,"Administrator, education"
Lisa Fisher,Tracy Mcdaniel,jasonperry@example.org,160,7,59.32,10/11/2000,177 Danielle Rapids,New Debraville,8801203,Forest/woodland manager
Stephanie Anderson DDS,Tyler Adams,ryan60@example.com,163,6,78.57,24/12/1979,27042 Hannah Squares,Fischerfurt,74028290,Metallurgist
